Index,CTE,p_error,d_error,i_error,steering_output
1,0.76,0.152,1.52,0.00076,1.67276
2,0.76,0.152,0,0.00152,0.15352
3,0.7593,0.15186,-0.0014,0.0022793,0.152739
4,0.7587,0.15174,-0.0012,0.003038,0.153578
5,0.7579,0.15158,-0.0016,0.0037959,0.153776
6,0.7572,0.15144,-0.0014,0.0045531,0.154593
7,0.7558,0.15116,-0.0028,0.0053089,0.153669
8,0.754,0.1508,-0.0036,0.0060629,0.153263
9,0.7526,0.15052,-0.0028,0.0068155,0.154536
10,0.7502,0.15004,-0.0048,0.0075657,0.152806
11,0.7473,0.14946,-0.0058,0.008313,0.151973
12,0.7452,0.14904,-0.0042,0.0090582,0.153898
13,0.7416,0.14832,-0.0072,0.0097998,0.15092
14,0.7389,0.14778,-0.0054,0.0105387,0.152919
15,0.7344,0.14688,-0.009,0.0112731,0.149153
16,0.7312,0.14624,-0.0064,0.0120043,0.151844
17,0.7258,0.14516,-0.0108,0.0127301,0.14709
18,0.7198,0.14396,-0.012,0.0134499,0.14541
19,0.7154,0.14308,-0.0088,0.0141653,0.148445
20,0.7084,0.14168,-0.014,0.0148737,0.142554
21,0.7007,0.14014,-0.0154,0.0155744,0.140314
22,0.6952,0.13904,-0.011,0.0162696,0.14431
23,0.6863,0.13726,-0.0178,0.0169559,0.136416
24,0.68,0.136,-0.0126,0.0176359,0.141036
25,0.6699,0.13398,-0.0202,0.0183058,0.132086
26,0.6588,0.13176,-0.0222,0.0189646,0.128525
27,0.647,0.1294,-0.0236,0.0196116,0.125412
28,0.6386,0.12772,-0.0168,0.0202502,0.13117
29,0.6254,0.12508,-0.0264,0.0208756,0.119556
30,0.6161,0.12322,-0.0186,0.0214917,0.126112
31,0.6013,0.12026,-0.0296,0.022093,0.112753
32,0.5908,0.11816,-0.021,0.0226838,0.119844
33,0.5745,0.1149,-0.0326,0.0232583,0.105558
34,0.557,0.1114,-0.035,0.0238153,0.100215
35,0.5448,0.10896,-0.0244,0.0243601,0.10892
36,0.5259,0.10518,-0.0378,0.024886,0.092266
37,0.5075,0.1015,-0.0368,0.0253935,0.0900935
38,0.4974,0.09948,-0.0202,0.0258909,0.105171
39,0.4889,0.09778,-0.017,0.0263798,0.10716
40,0.4774,0.09548,-0.023,0.0268572,0.0993372
41,0.4573,0.09146,-0.0402,0.0273145,0.0785745
42,0.4458,0.08916,-0.023,0.0277603,0.0939203
43,0.4309,0.08618,-0.0298,0.0281912,0.0845712
44,0.4218,0.08436,-0.0182,0.028613,0.094773
45,0.4085,0.0817,-0.0266,0.0290215,0.0841215
46,0.3993,0.07986,-0.0184,0.0294208,0.0908808
47,0.3848,0.07696,-0.029,0.0298056,0.0777656
48,0.3745,0.0749,-0.0206,0.0301801,0.0844801
49,0.3583,0.07166,-0.0324,0.0305384,0.0697984
50,0.341,0.0682,-0.0346,0.0308794,0.0644794
51,0.329,0.0658,-0.024,0.0312084,0.0730084
52,0.3104,0.06208,-0.0372,0.0315188,0.0563988
53,0.2975,0.0595,-0.0258,0.0318163,0.0655163
54,0.2776,0.05552,-0.0398,0.0320939,0.0478139
55,0.257,0.0514,-0.0412,0.0323509,0.0425509
56,0.2429,0.04858,-0.0282,0.0325938,0.0529738
57,0.2215,0.0443,-0.0428,0.0328153,0.0343153
58,0.2067,0.04134,-0.0296,0.033022,0.044762
59,0.1841,0.03682,-0.0452,0.0332061,0.0248261
60,0.161,0.0322,-0.0462,0.0333671,0.0193671
61,0.1454,0.02908,-0.0312,0.0335125,0.0313925
62,0.1299,0.02598,-0.031,0.0336424,0.0286224
63,0.1058,0.02116,-0.0482,0.0337482,0.0067082
64,0.0896,0.01792,-0.0324,0.0338378,0.0193578
65,0.0655,0.0131,-0.0482,0.0339033,-0.0011967
66,0.0409,0.00818,-0.0492,0.0339442,-0.0070758
67,0.0248,0.00496,-0.0322,0.033969,0.006729
68,0.0011,0.00022,-0.0474,0.0339701,-0.0132099
69,-0.0147,-0.00294,-0.0316,0.0339554,-0.0005846
70,-0.038,-0.0076,-0.0466,0.0339174,-0.0202826
71,-0.0608,-0.01216,-0.0456,0.0338566,-0.0239034
72,-0.0758,-0.01516,-0.03,0.0337808,-0.0113792
73,-0.0975,-0.0195,-0.0434,0.0336833,-0.0292167
74,-0.1117,-0.02234,-0.0284,0.0335716,-0.0171684
75,-0.1319,-0.02638,-0.0404,0.0334397,-0.0333403
76,-0.1516,-0.03032,-0.0394,0.0332881,-0.0364319
77,-0.1641,-0.03282,-0.025,0.033124,-0.024696
78,-0.1815,-0.0363,-0.0348,0.0329425,-0.0381575
79,-0.1926,-0.03852,-0.0222,0.0327499,-0.0279701
80,-0.2082,-0.04164,-0.0312,0.0325417,-0.0402983
81,-0.2179,-0.04358,-0.0194,0.0323238,-0.0306562
82,-0.2311,-0.04622,-0.0264,0.0320927,-0.0405273
83,-0.2392,-0.04784,-0.0162,0.0318535,-0.0321865
84,-0.2499,-0.04998,-0.0214,0.0316036,-0.0397764
85,-0.2592,-0.05184,-0.0186,0.0313444,-0.0390956
86,-0.2669,-0.05338,-0.0154,0.0310775,-0.0377025
87,-0.271,-0.0542,-0.0082,0.0308065,-0.0315935
88,-0.2758,-0.05516,-0.0096,0.0305307,-0.0342293
89,-0.2781,-0.05562,-0.0046,0.0302526,-0.0299674
90,-0.2802,-0.05604,-0.0042,0.0299724,-0.0302676
91,-0.2807,-0.05614,-0.001,0.0296917,-0.0274483
92,-0.2802,-0.05604,0.001,0.0294115,-0.0256285
93,-0.278,-0.0556,0.0044,0.0291335,-0.0220665
94,-0.2758,-0.05516,0.0044,0.0288577,-0.0219023
95,-0.2712,-0.05424,0.0092,0.0285865,-0.0164535
96,-0.2673,-0.05346,0.0078,0.0283192,-0.0173408
97,-0.2604,-0.05208,0.0138,0.0280588,-0.0102212
98,-0.2522,-0.05044,0.0164,0.0278066,-0.0062334
99,-0.2461,-0.04922,0.0122,0.0275605,-0.0094595
100,-0.236,-0.0472,0.0202,0.0273245,0.0003245
101,-0.2249,-0.04498,0.0222,0.0270996,0.0043196
102,-0.217,-0.0434,0.0158,0.0268826,-0.0007174
103,-0.2034,-0.04068,0.0272,0.0266792,0.0131992
104,-0.1906,-0.03812,0.0256,0.0264886,0.0139686
105,-0.1658,-0.03316,0.0496,0.0263228,0.0427628
106,-0.1338,-0.02676,0.064,0.026189,0.063429
107,-0.1091,-0.02182,0.0494,0.0260799,0.0536599
108,-0.0707,-0.01414,0.0768,0.0260092,0.0886692
109,-0.0336,-0.00672,0.0742,0.0259756,0.0934556
110,-0.0102,-0.00204,0.0468,0.0259654,0.0707254
111,0.0219,0.00438,0.0642,0.0259873,0.0945673
112,0.0516,0.01032,0.0594,0.0260389,0.0957589
113,0.0697,0.01394,0.0362,0.0261086,0.0762486
114,0.0939,0.01878,0.0484,0.0262025,0.0933825
115,0.1085,0.0217,0.0292,0.026311,0.077211
116,0.1274,0.02548,0.0378,0.0264384,0.0897184
117,0.1432,0.02864,0.0316,0.0265816,0.0868216
118,0.1519,0.03038,0.0174,0.0267335,0.0745135
119,0.1621,0.03242,0.0204,0.0268956,0.0797156
120,0.1691,0.03382,0.014,0.0270647,0.0748847
121,0.172,0.0344,0.0058,0.0272367,0.0674367
122,0.1738,0.03476,0.0036,0.0274105,0.0657705
123,0.1727,0.03454,-0.0022,0.0275832,0.0599232
124,0.1704,0.03408,-0.0046,0.0277536,0.0572336
125,0.1648,0.03296,-0.0112,0.0279184,0.0496784
126,0.1598,0.03196,-0.01,0.0280782,0.0500382
127,0.1504,0.03008,-0.0188,0.0282286,0.0395086
128,0.139,0.0278,-0.0228,0.0283676,0.0333676
129,0.1304,0.02608,-0.0172,0.028498,0.037378
130,0.1165,0.0233,-0.0278,0.0286145,0.0241145
131,0.1011,0.02022,-0.0308,0.0287156,0.0181356
132,0.0903,0.01806,-0.0216,0.0288059,0.0252659
133,0.0738,0.01476,-0.033,0.0288797,0.0106397
134,0.0624,0.01248,-0.0228,0.0289421,0.0186221
135,0.0452,0.00904,-0.0344,0.0289873,0.0036273
136,0.0336,0.00672,-0.0232,0.0290209,0.0125409
137,0.0165,0.0033,-0.0342,0.0290374,-0.0018626
138,-0.0004,-8e-05,-0.0338,0.029037,-0.004843
139,-0.0113,-0.00226,-0.0218,0.0290257,0.0049657
140,-0.0269,-0.00538,-0.0312,0.0289988,-0.0075812
141,-0.0417,-0.00834,-0.0296,0.0289571,-0.0089829
142,-0.0509,-0.01018,-0.0184,0.0289062,0.0003262
143,-0.0636,-0.01272,-0.0254,0.0288426,-0.0092774
144,-0.0751,-0.01502,-0.023,0.0287675,-0.0092525
145,-0.0813,-0.01626,-0.0124,0.0286862,2.62e-05
146,-0.0851,-0.01702,-0.0076,0.0286011,0.0039811
147,-0.0766,-0.01532,0.017,0.0285245,0.0302045
148,-0.0558,-0.01116,0.0416,0.0284687,0.0589087
149,-0.0295,-0.0059,0.0526,0.0284392,0.0751392
150,-0.0127,-0.00254,0.0336,0.0284265,0.0594865
151,0.0099,0.00198,0.0452,0.0284364,0.0756164
152,0.03,0.006,0.0402,0.0284664,0.0746664
153,0.0417,0.00834,0.0234,0.0285081,0.0602481
154,0.0563,0.01126,0.0292,0.0285644,0.0690244
155,0.0679,0.01358,0.0232,0.0286323,0.0654123
156,0.0738,0.01476,0.0118,0.0287061,0.0552661
157,0.0798,0.01596,0.012,0.0287859,0.0567459
158,0.0828,0.01656,0.006,0.0288687,0.0514287
159,0.0827,0.01654,-0.0002,0.0289514,0.0452914
160,0.081,0.0162,-0.0034,0.0290324,0.0418324
161,0.0763,0.01526,-0.0094,0.0291087,0.0349687
162,0.0719,0.01438,-0.0088,0.0291806,0.0347606
163,0.0635,0.0127,-0.0168,0.0292441,0.0251441
164,0.057,0.0114,-0.013,0.0293011,0.0277011
165,0.0459,0.00918,-0.0222,0.029347,0.016327
166,0.0378,0.00756,-0.0162,0.0293848,0.0207448
167,0.0251,0.00502,-0.0254,0.0294099,0.0090299
168,0.0116,0.00232,-0.027,0.0294215,0.0047415
169,0.0024,0.00048,-0.0184,0.0294239,0.0115039
170,-0.0111,-0.00222,-0.027,0.0294128,0.0001928
171,-0.0245,-0.0049,-0.0268,0.0293883,-0.0023117
172,-0.0331,-0.00662,-0.0172,0.0293552,0.0055352
173,-0.0453,-0.00906,-0.0244,0.0293099,-0.0041501
174,-0.0566,-0.01132,-0.0226,0.0292533,-0.0046667
175,-0.0635,-0.0127,-0.0138,0.0291898,0.0026898
176,-0.0726,-0.01452,-0.0182,0.0291172,-0.0036028
177,-0.0724,-0.01448,0.0004,0.0290448,0.0149648
178,-0.0632,-0.01264,0.0184,0.0289816,0.0347416
179,-0.0362,-0.00724,0.054,0.0289454,0.0757054
180,-0.0145,-0.0029,0.0434,0.0289309,0.0694309
181,0.0158,0.00316,0.0606,0.0289467,0.0927067
182,0.0429,0.00858,0.0542,0.0289896,0.0917696
183,0.0586,0.01172,0.0314,0.0290482,0.0721682
184,0.0778,0.01556,0.0384,0.029126,0.083086
185,0.0925,0.0185,0.0294,0.0292185,0.0771185
186,0.0995,0.0199,0.014,0.029318,0.063218
187,0.1058,0.02116,0.0126,0.0294238,0.0631838
188,0.1075,0.0215,0.0034,0.0295313,0.0544313
189,0.1062,0.02124,-0.0026,0.0296375,0.0482775
190,0.1007,0.02014,-0.011,0.0297382,0.0388782
191,0.0914,0.01828,-0.0186,0.0298296,0.0295096
192,0.0788,0.01576,-0.0252,0.0299084,0.0204684
193,0.069,0.0138,-0.0196,0.0299774,0.0241774
194,0.0527,0.01054,-0.0326,0.0300301,0.0079701
195,0.0347,0.00694,-0.036,0.0300648,0.0010048
196,0.0221,0.00442,-0.0252,0.0300869,0.0093069
197,0.0032,0.00064,-0.0378,0.0300901,-0.0070699
198,-0.0095,-0.0019,-0.0254,0.0300806,0.0027806
199,-0.0279,-0.00558,-0.0368,0.0300527,-0.0123273
200,-0.0455,-0.0091,-0.0352,0.0300072,-0.0142928
201,-0.0565,-0.0113,-0.022,0.0299507,-0.0033493
202,-0.0714,-0.01428,-0.0298,0.0298793,-0.0142007
203,-0.0803,-0.01606,-0.0178,0.029799,-0.004061
204,-0.0918,-0.01836,-0.023,0.0297072,-0.0116528
205,-0.1011,-0.02022,-0.0186,0.0296061,-0.0092139
206,-0.1021,-0.02042,-0.002,0.029504,0.007084
207,-0.0832,-0.01664,0.0378,0.0294208,0.0505808
208,-0.0614,-0.01228,0.0436,0.0293594,0.0606794
209,-0.0248,-0.00496,0.0732,0.0293346,0.0975746
210,0.0101,0.00202,0.0698,0.0293447,0.101165
211,0.0312,0.00624,0.0422,0.0293759,0.0778159
212,0.0581,0.01162,0.0538,0.029434,0.094854
213,0.0799,0.01598,0.0436,0.0295139,0.0890939
214,0.0912,0.01824,0.0226,0.0296051,0.0704451
215,0.1028,0.02056,0.0232,0.0297079,0.0734679
216,0.1072,0.02144,0.0088,0.0298151,0.0600551
217,0.1091,0.02182,0.0038,0.0299242,0.0555442
218,0.1054,0.02108,-0.0074,0.0300296,0.0437096
219,0.1001,0.02002,-0.0106,0.0301297,0.0395497
220,0.0885,0.0177,-0.0232,0.0302182,0.0247182
221,0.073,0.0146,-0.031,0.0302912,0.0138912
222,0.0608,0.01216,-0.0244,0.030352,0.018112
223,0.0409,0.00818,-0.0398,0.0303929,-0.0012271
224,0.0192,0.00384,-0.0434,0.0304121,-0.0091479
225,-0.0032,-0.00064,-0.0448,0.0304089,-0.0150311
226,-0.018,-0.0036,-0.0296,0.0303909,-0.0028091
227,-0.0391,-0.00782,-0.0422,0.0303518,-0.0196682
228,-0.0526,-0.01052,-0.027,0.0302992,-0.0072208
229,-0.071,-0.0142,-0.0368,0.0302282,-0.0207718
230,-0.0873,-0.01746,-0.0326,0.0301409,-0.0199191
231,-0.0968,-0.01936,-0.019,0.0300441,-0.0083159
232,-0.1083,-0.02166,-0.023,0.0299358,-0.0147242
233,-0.1169,-0.02338,-0.0172,0.0298189,-0.0107611
234,-0.1209,-0.02418,-0.008,0.029698,-0.002482
235,-0.1242,-0.02484,-0.0066,0.0295738,-0.0018662
236,-0.1199,-0.02398,0.0086,0.0294539,0.0140739
237,-0.0834,-0.01668,0.073,0.0293705,0.0856905
238,-0.0136,-0.00272,0.1396,0.0293569,0.166237
239,0.0597,0.01194,0.1466,0.0294166,0.187957
240,0.1044,0.02088,0.0894,0.029521,0.139801
241,0.1614,0.03228,0.114,0.0296824,0.175962
242,0.2068,0.04136,0.0908,0.0298892,0.162049
243,0.2298,0.04596,0.046,0.030119,0.122079
244,0.2525,0.0505,0.0454,0.0303715,0.126272
245,0.2602,0.05204,0.0154,0.0306317,0.0980717
246,0.2611,0.05222,0.0018,0.0308928,0.0849128
247,0.2548,0.05096,-0.0126,0.0311476,0.0695076
248,0.2363,0.04726,-0.037,0.0313839,0.0416439
249,0.2077,0.04154,-0.0572,0.0315916,0.0159316
250,0.1841,0.03682,-0.0472,0.0317757,0.0213957
251,0.1439,0.02878,-0.0804,0.0319196,-0.0197004
252,0.1143,0.02286,-0.0592,0.0320339,-0.0043061
253,0.0682,0.01364,-0.0922,0.0321021,-0.0464579
254,0.0208,0.00416,-0.0948,0.0321229,-0.0585171
255,-0.0104,-0.00208,-0.0624,0.0321125,-0.0323675
256,-0.0544,-0.01088,-0.088,0.0320581,-0.0668219
257,-0.0948,-0.01896,-0.0808,0.0319633,-0.0677967
258,-0.1189,-0.02378,-0.0482,0.0318444,-0.0401356
259,-0.1482,-0.02964,-0.0586,0.0316962,-0.0565438
260,-0.1581,-0.03162,-0.0198,0.0315381,-0.0198819
261,-0.1513,-0.03026,0.0136,0.0313868,0.0147268
262,-0.1329,-0.02658,0.0368,0.0312539,0.0414739
263,-0.1103,-0.02206,0.0452,0.0311436,0.0542836
264,-0.094,-0.0188,0.0326,0.0310496,0.0448496
265,-0.0697,-0.01394,0.0486,0.0309799,0.0656399
266,-0.0536,-0.01072,0.0322,0.0309263,0.0524063
267,-0.031,-0.0062,0.0452,0.0308953,0.0698953
268,-0.0106,-0.00212,0.0408,0.0308847,0.0695647
269,0.0013,0.00026,0.0238,0.030886,0.054946
270,0.0157,0.00314,0.0288,0.0309017,0.0628417
271,0.0261,0.00522,0.0208,0.0309278,0.0569478
272,0.0321,0.00642,0.012,0.0309599,0.0493799
273,0.0334,0.00668,0.0026,0.0309933,0.0402733
274,0.0317,0.00634,-0.0034,0.031025,0.033965
275,0.0259,0.00518,-0.0116,0.0310509,0.0246309
276,0.02,0.004,-0.0118,0.0310709,0.0232709
277,0.0086,0.00172,-0.0228,0.0310795,0.0099995
278,-0.0052,-0.00104,-0.0276,0.0310743,0.0024343
279,-0.0154,-0.00308,-0.0204,0.0310589,0.0075789
280,-0.0856,-0.01712,-0.1404,0.0309733,-0.126547
281,0.039,0.0078,0.2492,0.0310123,0.288012
282,0.0825,0.0165,0.087,0.0310948,0.134595
283,0.137,0.0274,0.109,0.0312318,0.167632
284,0.177,0.0354,0.08,0.0314088,0.146809
285,0.1963,0.03926,0.0386,0.0316051,0.109465
286,0.213,0.0426,0.0334,0.0318181,0.107818
287,0.2167,0.04334,0.0074,0.0320348,0.0827748
288,0.2115,0.0423,-0.0104,0.0322463,0.0641463
289,0.1942,0.03884,-0.0346,0.0324405,0.0366805
290,0.1767,0.03534,-0.035,0.0326172,0.0329572
291,0.1435,0.0287,-0.0664,0.0327607,-0.0049393
292,0.1029,0.02058,-0.0812,0.0328636,-0.0277564
293,0.0731,0.01462,-0.0596,0.0329367,-0.0120433
294,0.0269,0.00538,-0.0924,0.0329636,-0.0540564
295,-0.0045,-0.0009,-0.0628,0.0329591,-0.0307409
296,-0.05,-0.01,-0.091,0.0329091,-0.0680909
297,-0.0929,-0.01858,-0.0858,0.0328162,-0.0715638
298,-0.1189,-0.02378,-0.052,0.0326973,-0.0430827
299,-0.1524,-0.03048,-0.067,0.0325449,-0.0649351
300,-0.1709,-0.03418,-0.037,0.032374,-0.038806
301,-0.1974,-0.03948,-0.053,0.0321766,-0.0603034
302,-0.2052,-0.04104,-0.0156,0.0319714,-0.0246686
303,-0.2095,-0.0419,-0.0086,0.0317619,-0.0187381
304,-0.2077,-0.04154,0.0036,0.0315542,-0.0063858
305,-0.1991,-0.03982,0.0172,0.0313551,0.0087351
306,-0.1839,-0.03678,0.0304,0.0311712,0.0247912
307,-0.1636,-0.03272,0.0406,0.0310076,0.0388876
308,-0.1467,-0.02934,0.0338,0.0308609,0.0353209
309,-0.0929,-0.01858,0.1076,0.030768,0.119788
310,-0.0007,-0.00014,0.1844,0.0307673,0.215027
311,0.1321,0.02642,0.2656,0.0308994,0.322919
312,0.2533,0.05066,0.2424,0.0311527,0.324213
313,0.322,0.0644,0.1374,0.0314747,0.233275
314,0.4013,0.08026,0.1586,0.031876,0.270736
315,0.4389,0.08778,0.0752,0.0323149,0.195295
316,0.4712,0.09424,0.0646,0.0327861,0.191626
317,0.477,0.0954,0.0116,0.0332631,0.140263
318,0.4634,0.09268,-0.0272,0.0337265,0.0992065
319,0.4249,0.08498,-0.077,0.0341514,0.0421314
320,0.3646,0.07292,-0.1206,0.034516,-0.013164
321,0.3147,0.06294,-0.0998,0.0348307,-0.0020293
322,0.2304,0.04608,-0.1686,0.0350611,-0.0874589
323,0.1693,0.03386,-0.1222,0.0352304,-0.0531096
324,0.0767,0.01534,-0.1852,0.0353071,-0.134553
325,0.015,0.003,-0.1234,0.0353221,-0.0850779
326,-0.0036,-0.00072,-0.0372,0.0353185,-0.0026015
327,-0.025,-0.005,-0.0428,0.0352935,-0.0125065
328,-0.0368,-0.00736,-0.0236,0.0352567,0.0042967
329,-0.0518,-0.01036,-0.03,0.0352049,-0.0051551
330,-0.0636,-0.01272,-0.0236,0.0351413,-0.0011787
331,-0.0697,-0.01394,-0.0122,0.0350716,0.0089316
332,-0.0761,-0.01522,-0.0128,0.0349955,0.0069755
333,-0.0788,-0.01576,-0.0054,0.0349167,0.0137567
334,-0.0805,-0.0161,-0.0034,0.0348362,0.0153362
335,-0.0799,-0.01598,0.0012,0.0347563,0.0199763
336,-0.0784,-0.01568,0.003,0.0346779,0.0219979
337,-0.075,-0.015,0.0068,0.0346029,0.0264029
338,-0.0704,-0.01408,0.0092,0.0345325,0.0296525
339,-0.0662,-0.01324,0.0084,0.0344663,0.0296263
340,-0.0502,-0.01004,0.032,0.0344161,0.0563761
341,0.132,0.0264,0.3644,0.0345481,0.425348
342,0.2208,0.04416,0.1776,0.0347689,0.256529
343,0.3338,0.06676,0.226,0.0351027,0.327863
344,0.3937,0.07874,0.1198,0.0354964,0.234036
345,0.4579,0.09158,0.1284,0.0359543,0.255934
346,0.4916,0.09832,0.0674,0.0364459,0.202166
347,0.494,0.0988,0.0048,0.0369399,0.14054
348,0.4783,0.09566,-0.0314,0.0374182,0.101678
349,0.4321,0.08642,-0.0924,0.0378503,0.0318703
350,0.3619,0.07238,-0.1404,0.0382122,-0.0298078
351,0.3044,0.06088,-0.115,0.0385166,-0.0156034
352,0.2086,0.04172,-0.1916,0.0387252,-0.111155
353,0.1397,0.02794,-0.1378,0.0388649,-0.0709951
354,0.0354,0.00708,-0.2086,0.0389003,-0.16262
355,-0.0335,-0.0067,-0.1378,0.0388668,-0.105633
356,-0.1299,-0.02598,-0.1928,0.0387369,-0.180043
357,-0.2164,-0.04328,-0.173,0.0385205,-0.17776
358,-0.2663,-0.05326,-0.0998,0.0382542,-0.114806
359,-0.3255,-0.0651,-0.1184,0.0379287,-0.145571
360,-0.3548,-0.07096,-0.0586,0.0375739,-0.0919861
361,-0.3825,-0.0765,-0.0554,0.0371914,-0.0947086
362,-0.3904,-0.07808,-0.0158,0.036801,-0.057079
363,-0.3867,-0.07734,0.0074,0.0364143,-0.0335257
364,-0.3658,-0.07316,0.0418,0.0360485,0.0046885
365,-0.3433,-0.06866,0.045,0.0357052,0.0120452
366,-0.3333,-0.06666,0.02,0.0353719,-0.0112881
367,-0.1262,-0.02524,0.4142,0.0352457,0.424206
368,0.0569,0.01138,0.3662,0.0353026,0.412883
369,0.2288,0.04576,0.3438,0.0355314,0.425091
370,0.3275,0.0655,0.1974,0.0358589,0.298759
371,0.4457,0.08914,0.2364,0.0363046,0.361845
372,0.5285,0.1057,0.1656,0.0368331,0.308133
373,0.5624,0.11248,0.0678,0.0373955,0.217676
374,0.5797,0.11594,0.0346,0.0379752,0.188515
375,0.5595,0.1119,-0.0404,0.0385347,0.110035
376,0.5266,0.10532,-0.0658,0.0390613,0.0785813
377,0.4944,0.09888,-0.0644,0.0395557,0.0740357
378,0.5245,0.1049,0.0602,0.0400802,0.20518
379,0.5679,0.11358,0.0868,0.0406481,0.241028
380,0.5842,0.11684,0.0326,0.0412323,0.190672
381,0.5773,0.11546,-0.0138,0.0418096,0.14347
382,0.5413,0.10826,-0.072,0.0423509,0.0786109
383,0.5015,0.1003,-0.0796,0.0428524,0.0635524
384,0.4227,0.08454,-0.1576,0.0432751,-0.0297849
385,0.3588,0.07176,-0.1278,0.0436339,-0.0124061
386,0.2526,0.05052,-0.2124,0.0438865,-0.117993
387,0.1369,0.02738,-0.2314,0.0440234,-0.159997
388,0.0195,0.0039,-0.2348,0.0440429,-0.186857
389,-0.0554,-0.01108,-0.1498,0.0439875,-0.116892
390,-0.1571,-0.03142,-0.2034,0.0438304,-0.19099
391,-0.2403,-0.04806,-0.1664,0.0435901,-0.17087
392,-0.2221,-0.04442,0.0364,0.043368,0.035348
393,-0.0859,-0.01718,0.2724,0.0432821,0.298502
394,0.0636,0.01272,0.299,0.0433457,0.355066
395,0.1608,0.03216,0.1944,0.0435065,0.270067
396,0.2893,0.05786,0.257,0.0437958,0.358656
397,0.3621,0.07242,0.1456,0.0441579,0.262178
398,0.4457,0.08914,0.1672,0.0446036,0.300944
399,0.4977,0.09954,0.104,0.0451013,0.248641
400,0.5137,0.10274,0.032,0.045615,0.180355
401,0.509,0.1018,-0.0094,0.046124,0.138524
402,0.5145,0.1029,0.011,0.0466385,0.160538
403,0.5554,0.11108,0.0818,0.0471939,0.240074
404,0.6054,0.12108,0.1,0.0477993,0.268879
405,0.623,0.1246,0.0352,0.0484223,0.208222
406,0.6145,0.1229,-0.017,0.0490368,0.154937
407,0.5724,0.11448,-0.0842,0.0496092,0.0798892
408,0.4985,0.0997,-0.1478,0.0501077,0.0020077
409,0.4342,0.08684,-0.1286,0.0505419,0.0087819
410,0.3221,0.06442,-0.2242,0.050864,-0.108916
411,0.1949,0.03898,-0.2544,0.0510589,-0.164361
412,0.1061,0.02122,-0.1776,0.051165,-0.105215
413,-0.0243,-0.00486,-0.2608,0.0511407,-0.214519
414,-0.1492,-0.02984,-0.2498,0.0509915,-0.228648
415,-0.2256,-0.04512,-0.1528,0.0507659,-0.147154
416,-0.3234,-0.06468,-0.1956,0.0504425,-0.209838
417,-0.401,-0.0802,-0.1552,0.0500415,-0.185358
418,-0.4134,-0.08268,-0.0248,0.0496281,-0.0578519
419,-0.2002,-0.04004,0.4264,0.0494279,0.435788
420,-0.0267,-0.00534,0.347,0.0494012,0.391061
421,0.2297,0.04594,0.5128,0.0496309,0.608371
422,0.4659,0.09318,0.4724,0.0500968,0.615677
423,0.6048,0.12096,0.2778,0.0507016,0.449462
424,0.7725,0.1545,0.3354,0.0514741,0.541374
425,0.8883,0.17766,0.2316,0.0523624,0.461622
426,0.9332,0.18664,0.0898,0.0532956,0.329736
427,0.9492,0.18984,0.032,0.0542448,0.276085
428,0.908,0.1816,-0.0824,0.0551528,0.154353
429,0.851,0.1702,-0.114,0.0560038,0.112204
430,0.7683,0.15366,-0.1654,0.0567721,0.0450321
431,0.7423,0.14846,-0.052,0.0575144,0.153974
432,0.6797,0.13594,-0.1252,0.0581941,0.0689341
433,0.5856,0.11712,-0.1882,0.0587797,-0.0123003
434,0.507,0.1014,-0.1572,0.0592867,0.0034867
435,0.3732,0.07464,-0.2676,0.0596599,-0.1333
436,0.2241,0.04482,-0.2982,0.059884,-0.193496
437,0.121,0.0242,-0.2062,0.060005,-0.121995
438,-0.0289,-0.00578,-0.2998,0.0599761,-0.245604
439,-0.125,-0.025,-0.1922,0.0598511,-0.157349
440,-0.0554,-0.01108,0.1392,0.0597957,0.187916
441,0.0682,0.01364,0.2472,0.0598639,0.320704
442,0.1523,0.03046,0.1682,0.0600162,0.258676
443,0.2643,0.05286,0.224,0.0602805,0.337141
444,0.3549,0.07098,0.1812,0.0606354,0.312815
445,0.3999,0.07998,0.09,0.0610353,0.231015
446,0.4402,0.08804,0.0806,0.0614755,0.230116
447,0.4488,0.08976,0.0172,0.0619243,0.168884
448,0.4371,0.08742,-0.0234,0.0623614,0.126381
449,0.3951,0.07902,-0.084,0.0627565,0.0577765
450,0.352,0.0704,-0.0862,0.0631085,0.0473085
451,0.2695,0.0539,-0.165,0.063378,-0.047722
452,0.1686,0.03372,-0.2018,0.0635466,-0.104533
453,0.0564,0.01128,-0.2244,0.063603,-0.149517
454,-0.0204,-0.00408,-0.1536,0.0635826,-0.0940974
455,-0.1219,-0.02438,-0.203,0.0634607,-0.163919
456,-0.0839,-0.01678,0.076,0.0633768,0.122597
457,0.0001,2e-05,0.168,0.0633769,0.231397
458,0.1246,0.02492,0.249,0.0635015,0.337421
459,0.2361,0.04722,0.223,0.0637376,0.333958
460,0.2971,0.05942,0.122,0.0640347,0.245455
461,0.3621,0.07242,0.13,0.0643968,0.266817
462,0.388,0.0776,0.0518,0.0647848,0.194185
463,0.3998,0.07996,0.0236,0.0651846,0.168745
464,0.3901,0.07802,-0.0194,0.0655747,0.124195
465,0.3513,0.07026,-0.0776,0.065926,0.058586
466,0.2855,0.0571,-0.1316,0.0662115,-0.0082885
467,0.2291,0.04582,-0.1128,0.0664406,-0.0005394
468,0.1318,0.02636,-0.1946,0.0665724,-0.101668
469,0.0333,0.00666,-0.197,0.0666057,-0.123734
470,-0.0198,-0.00396,-0.1062,0.0665859,-0.0435741
471,-0.0311,-0.00622,-0.0226,0.0665548,0.0377348
472,-0.0467,-0.00934,-0.0312,0.0665081,0.0259681
473,-0.0577,-0.01154,-0.022,0.0664504,0.0329104
474,-0.0761,-0.01522,-0.0368,0.0663743,0.0143543
475,-0.0965,-0.0193,-0.0408,0.0662778,0.0061778
476,-0.111,-0.0222,-0.029,0.0661668,0.0149668
477,-0.133,-0.0266,-0.044,0.0660338,-0.0045662
478,-0.1478,-0.02956,-0.0296,0.065886,0.006726
479,-0.1041,-0.02082,0.0874,0.0657819,0.132362
480,0.0262,0.00524,0.2606,0.0658081,0.331648
481,0.1104,0.02208,0.1684,0.0659185,0.256398
482,0.2183,0.04366,0.2158,0.0661368,0.325597
483,0.2756,0.05512,0.1146,0.0664124,0.236132
484,0.3348,0.06696,0.1184,0.0667472,0.252107
485,0.3561,0.07122,0.0426,0.0671033,0.180923
486,0.3606,0.07212,0.009,0.0674639,0.148584
487,0.3334,0.06668,-0.0544,0.0677973,0.0800773
488,0.2988,0.05976,-0.0692,0.0680961,0.0586561
489,0.2266,0.04532,-0.1444,0.0683227,-0.0307573
490,0.1332,0.02664,-0.1868,0.0684559,-0.0917041
491,0.0627,0.01254,-0.141,0.0685186,-0.0599414
492,-0.0479,-0.00958,-0.2212,0.0684707,-0.162309
493,-0.1612,-0.03224,-0.2266,0.0683095,-0.19053
494,-0.2694,-0.05388,-0.2164,0.0680401,-0.20224
495,-0.3345,-0.0669,-0.1302,0.0677056,-0.129394
496,-0.4169,-0.08338,-0.1648,0.0672887,-0.180891
497,-0.4743,-0.09486,-0.1148,0.0668144,-0.142846
498,-0.4645,-0.0929,0.0196,0.0663499,-0.0069501
499,-0.3855,-0.0771,0.158,0.0659644,0.146864
500,-0.3221,-0.06442,0.1268,0.0656423,0.128022
501,-0.224,-0.0448,0.1962,0.0654183,0.216818
502,-0.1272,-0.02544,0.1936,0.0652911,0.233451
503,-0.0671,-0.01342,0.1202,0.065224,0.172004
504,0.01,0.002,0.1542,0.065234,0.221434
505,0.0523,0.01046,0.0846,0.0652863,0.160346
506,0.0988,0.01976,0.093,0.0653851,0.178145
507,0.1246,0.02492,0.0516,0.0655097,0.14203
508,0.1298,0.02596,0.0104,0.0656395,0.102
509,0.1197,0.02394,-0.0202,0.0657592,0.0694992
510,0.0897,0.01794,-0.06,0.0658489,0.0237889
511,0.0688,0.01376,-0.0418,0.0659177,0.0378777
512,0.0713,0.01426,0.005,0.065989,0.085249
513,0.0898,0.01796,0.037,0.0660788,0.121039
514,0.1085,0.0217,0.0374,0.0661873,0.125287
515,0.1112,0.02224,0.0054,0.0662985,0.0939385
516,0.0965,0.0193,-0.0294,0.066395,0.056295
517,0.0774,0.01548,-0.0382,0.0664724,0.0437524
518,0.0373,0.00746,-0.0802,0.0665097,-0.0062303
519,0.0036,0.00072,-0.0674,0.0665133,-0.0001667
520,-0.0536,-0.01072,-0.1144,0.0664597,-0.0586603
521,-0.1171,-0.02342,-0.127,0.0663426,-0.0840774
522,-0.1607,-0.03214,-0.0872,0.0661819,-0.0531581
523,-0.2238,-0.04476,-0.1262,0.0659581,-0.105002
524,-0.2827,-0.05654,-0.1178,0.0656754,-0.108665
525,-0.318,-0.0636,-0.0706,0.0653574,-0.0688426
526,-0.3615,-0.0723,-0.087,0.0649959,-0.0943041
527,-0.3939,-0.07878,-0.0648,0.064602,-0.078978
528,-0.4084,-0.08168,-0.029,0.0641936,-0.0464864
529,-0.4188,-0.08376,-0.0208,0.0637748,-0.0407852
530,-0.4184,-0.08368,0.0008,0.0633564,-0.0195236
531,-0.4077,-0.08154,0.0214,0.0629487,0.0028087
532,-0.382,-0.0764,0.0514,0.0625667,0.0375667
533,-0.3584,-0.07168,0.0472,0.0622083,0.0377283
534,-0.2403,-0.04806,0.2362,0.061968,0.250108
535,-0.1604,-0.03208,0.1598,0.0618076,0.189528
536,-0.0478,-0.00956,0.2252,0.0617598,0.2774
537,0.0191,0.00382,0.1338,0.0617789,0.199399
538,0.1013,0.02026,0.1644,0.0618802,0.24654
539,0.1601,0.03202,0.1176,0.0620403,0.21166
540,0.1849,0.03698,0.0496,0.0622252,0.148805
541,0.1985,0.0397,0.0272,0.0624237,0.129324
542,0.1857,0.03714,-0.0256,0.0626094,0.0741494
543,0.1633,0.03266,-0.0448,0.0627727,0.0506327
544,0.112,0.0224,-0.1026,0.0628847,-0.0173153
545,0.0422,0.00844,-0.1396,0.0629269,-0.0682331
546,-0.0117,-0.00234,-0.1078,0.0629152,-0.0472248
547,-0.0976,-0.01952,-0.1718,0.0628176,-0.128502
548,-0.1867,-0.03734,-0.1782,0.0626309,-0.152909
549,-0.2447,-0.04894,-0.116,0.0623862,-0.102554
550,-0.3234,-0.06468,-0.1574,0.0620628,-0.160017
551,-0.391,-0.0782,-0.1352,0.0616718,-0.151728
552,-0.4278,-0.08556,-0.0736,0.061244,-0.097916
553,-0.4674,-0.09348,-0.0792,0.0607766,-0.111903
554,-0.4886,-0.09772,-0.0424,0.060288,-0.079832
555,-0.4923,-0.09846,-0.0074,0.0597957,-0.0460643
556,-0.4822,-0.09644,0.0202,0.0593135,-0.0169265
557,-0.455,-0.091,0.0544,0.0588585,0.0222585
558,-0.4286,-0.08572,0.0528,0.0584299,0.0255099
559,-0.3796,-0.07592,0.098,0.0580503,0.0801303
560,-0.3419,-0.06838,0.0754,0.0577084,0.0647284
561,-0.2816,-0.05632,0.1206,0.0574268,0.121707
562,-0.2192,-0.04384,0.1248,0.0572076,0.138168
563,-0.1759,-0.03518,0.0866,0.0570317,0.108452
564,0.5909,0.11818,1.5336,0.0576226,1.7094
565,0.5497,0.10994,-0.0824,0.0581723,0.0857123
566,0.3207,0.06414,-0.458,0.058493,-0.335367
567,0.2879,0.05758,-0.0656,0.0587809,0.0507609
568,0.3897,0.07794,0.2036,0.0591706,0.340711
569,0.4886,0.09772,0.1978,0.0596592,0.355179
570,0.6227,0.12454,0.2682,0.0602819,0.453022
571,0.7248,0.14496,0.2042,0.0610067,0.410167
572,0.7697,0.15394,0.0898,0.0617764,0.305516
573,0.7966,0.15932,0.0538,0.062573,0.275693
574,0.776,0.1552,-0.0412,0.063349,0.177349
575,0.7367,0.14734,-0.0786,0.0640857,0.132826
576,0.6435,0.1287,-0.1864,0.0647292,0.0070292
577,0.5609,0.11218,-0.1652,0.0652901,0.0122701
578,0.4149,0.08298,-0.292,0.065705,-0.143315
579,0.3055,0.0611,-0.2188,0.0660105,-0.0916895
580,0.1344,0.02688,-0.3422,0.0661449,-0.249175
581,-0.04,-0.008,-0.3488,0.0661049,-0.290695
582,-0.1525,-0.0305,-0.225,0.0659524,-0.189548
583,-0.3044,-0.06088,-0.3038,0.065648,-0.299032
584,-0.3937,-0.07874,-0.1786,0.0652543,-0.192086
585,-0.503,-0.1006,-0.2186,0.0647513,-0.254449
586,-0.582,-0.1164,-0.158,0.0641693,-0.210231
587,-0.627,-0.1254,-0.09,0.0635423,-0.151858
588,-0.6368,-0.12736,-0.0196,0.0629055,-0.0840545
589,-0.6234,-0.12468,0.0268,0.0622821,-0.0355979
590,-0.5975,-0.1195,0.0518,0.0616846,-0.0060154
591,-0.5375,-0.1075,0.12,0.0611471,0.0736471
592,-0.4562,-0.09124,0.1626,0.0606909,0.132051
593,-0.3937,-0.07874,0.125,0.0602972,0.106557
594,-0.2953,-0.05906,0.1968,0.0600019,0.197742
595,-0.2282,-0.04564,0.1342,0.0597737,0.148334
596,-0.1326,-0.02652,0.1912,0.0596411,0.224321
597,-0.0457,-0.00914,0.1738,0.0595954,0.224255
598,0.0044,0.00088,0.1002,0.0595998,0.16068
599,0.063,0.0126,0.1172,0.0596628,0.189463
600,0.091,0.0182,0.056,0.0597538,0.133954
601,0.1148,0.02296,0.0476,0.0598686,0.130429
602,0.1186,0.02372,0.0076,0.0599872,0.0913072
603,0.107,0.0214,-0.0232,0.0600942,0.0582942
604,0.0759,0.01518,-0.0622,0.0601701,0.0131501
605,0.0457,0.00914,-0.0604,0.0602158,0.0089558
606,-0.0103,-0.00206,-0.112,0.0602055,-0.0538545
607,-0.0534,-0.01068,-0.0862,0.0601521,-0.0367279
608,-0.122,-0.0244,-0.1372,0.0600301,-0.10157
609,-0.193,-0.0386,-0.142,0.0598371,-0.120763
610,-0.2391,-0.04782,-0.0922,0.059598,-0.080422
611,-0.3015,-0.0603,-0.1248,0.0592965,-0.125803
612,-0.3548,-0.07096,-0.1066,0.0589417,-0.118618
613,-0.3836,-0.07672,-0.0576,0.0585581,-0.0757619
614,-0.4143,-0.08286,-0.0614,0.0581438,-0.0861162
615,-0.4265,-0.0853,-0.0244,0.0577173,-0.0519827
616,-0.432,-0.0864,-0.011,0.0572853,-0.0401147
617,-0.4226,-0.08452,0.0188,0.0568627,-0.0088573
618,-0.4086,-0.08172,0.028,0.0564541,0.0027341
619,-0.3777,-0.07554,0.0618,0.0560764,0.0423364
620,-0.3367,-0.06734,0.082,0.0557397,0.0703997
621,-0.3052,-0.06104,0.063,0.0554345,0.0573945
622,-0.2554,-0.05108,0.0996,0.0551791,0.103699
623,-0.2212,-0.04424,0.0684,0.0549579,0.0791179
624,-0.1717,-0.03434,0.099,0.0547862,0.119446
625,-0.1258,-0.02516,0.0918,0.0546604,0.1213
626,-0.0988,-0.01976,0.054,0.0545616,0.0888016
627,-0.066,-0.0132,0.0656,0.0544956,0.106896
628,-0.0427,-0.00854,0.0466,0.0544529,0.0925129
629,-0.0331,-0.00662,0.0192,0.0544198,0.0669998
630,-0.0281,-0.00562,0.01,0.0543917,0.0587717
631,-0.0338,-0.00676,-0.0114,0.0543579,0.0361979
632,-0.0432,-0.00864,-0.0188,0.0543147,0.0268747
633,-0.0643,-0.01286,-0.0422,0.0542504,-0.0008096
634,-0.0825,-0.0165,-0.0364,0.0541679,0.0012679
635,-0.114,-0.0228,-0.063,0.0540539,-0.0317461
636,-0.1371,-0.02742,-0.0462,0.0539168,-0.0197032
637,-0.1724,-0.03448,-0.0706,0.0537444,-0.0513356
638,-0.2074,-0.04148,-0.07,0.053537,-0.057943
639,-0.2293,-0.04586,-0.0438,0.0533077,-0.0363523
640,-0.2577,-0.05154,-0.0568,0.05305,-0.05529
641,-0.2804,-0.05608,-0.0454,0.0527696,-0.0487104
642,-0.2915,-0.0583,-0.0222,0.0524781,-0.0280219
643,-0.3015,-0.0603,-0.02,0.0521766,-0.0281234
644,-0.3037,-0.06074,-0.0044,0.0518729,-0.0132671
645,-0.3003,-0.06006,0.0068,0.0515726,-0.0016874
646,-0.2893,-0.05786,0.022,0.0512833,0.0154233
647,-0.2782,-0.05564,0.0222,0.0510051,0.0175651
648,-0.2571,-0.05142,0.0422,0.050748,0.041528
649,-0.2405,-0.0481,0.0332,0.0505075,0.0356075
650,-0.2135,-0.0427,0.054,0.050294,0.061594
651,-0.1856,-0.03712,0.0558,0.0501084,0.0687884
652,-0.1843,-0.03686,0.0026,0.0499241,0.0156641
653,-0.2978,-0.05956,-0.227,0.0496263,-0.236934
654,-0.5617,-0.11234,-0.5278,0.0490646,-0.591075
655,0.7023,0.14046,2.528,0.0497669,2.71823
656,0.0145,0.0029,-1.3756,0.0497814,-1.32292
657,0.1143,0.02286,0.1996,0.0498957,0.272356
658,0.1947,0.03894,0.1608,0.0500904,0.24983
659,0.3153,0.06306,0.2412,0.0504057,0.354666
660,0.4222,0.08444,0.2138,0.0508279,0.349068
661,0.5047,0.10094,0.165,0.0513326,0.317273
662,0.5413,0.10826,0.0732,0.0518739,0.233334
663,0.5663,0.11326,0.05,0.0524402,0.2157
664,0.5561,0.11122,-0.0204,0.0529963,0.143816
665,0.5302,0.10604,-0.0518,0.0535265,0.107766
666,0.4654,0.09308,-0.1296,0.0539919,0.0174719
667,0.3723,0.07446,-0.1862,0.0543642,-0.0573758
668,0.2978,0.05956,-0.149,0.054662,-0.034778
669,0.1756,0.03512,-0.2444,0.0548376,-0.154442
670,0.089,0.0178,-0.1732,0.0549266,-0.100473
671,-0.0403,-0.00806,-0.2586,0.0548863,-0.211774
672,-0.1242,-0.02484,-0.1678,0.0547621,-0.137878
673,-0.2391,-0.04782,-0.2298,0.054523,-0.223097
674,-0.3443,-0.06886,-0.2104,0.0541787,-0.225081
675,-0.4379,-0.08758,-0.1872,0.0537408,-0.221039
676,-0.4777,-0.09554,-0.0796,0.0532631,-0.121877
677,-0.5093,-0.10186,-0.0632,0.0527538,-0.112306
678,-0.5137,-0.10274,-0.0088,0.0522401,-0.0592999
679,-0.497,-0.0994,0.0334,0.0517431,-0.0142569
680,-0.4556,-0.09112,0.0828,0.0512875,0.0429675
681,-0.3943,-0.07886,0.1226,0.0508932,0.0946332
682,-0.3425,-0.0685,0.1036,0.0505507,0.0856507
683,-0.2187,-0.04374,0.2476,0.050332,0.254192
684,-0.0984,-0.01968,0.2406,0.0502336,0.271154
685,0.0807,0.01614,0.3582,0.0503143,0.424654
686,0.2421,0.04842,0.3228,0.0505564,0.421776
687,0.3717,0.07434,0.2592,0.0509281,0.384468
688,0.4346,0.08692,0.1258,0.0513627,0.264083
689,0.4903,0.09806,0.1114,0.051853,0.261313
690,0.502,0.1004,0.0234,0.052355,0.176155
691,0.4858,0.09716,-0.0324,0.0528408,0.117601
692,0.4286,0.08572,-0.1144,0.0532694,0.0245894
693,0.3363,0.06726,-0.1846,0.0536057,-0.0637343
694,0.2592,0.05184,-0.1542,0.0538649,-0.0484951
695,0.1298,0.02596,-0.2588,0.0539947,-0.178845
696,-0.0111,-0.00222,-0.2818,0.0539836,-0.230036
697,-0.1062,-0.02124,-0.1902,0.0538774,-0.157563
698,-0.24,-0.048,-0.2676,0.0536374,-0.261963
699,-0.3255,-0.0651,-0.171,0.0533119,-0.182788
700,-0.3165,-0.0633,0.018,0.0529954,0.0076954
701,-0.2895,-0.0579,0.054,0.0527059,0.0488059
702,-0.2367,-0.04734,0.1056,0.0524692,0.110729
703,-0.175,-0.035,0.1234,0.0522942,0.140694
704,-0.132,-0.0264,0.086,0.0521622,0.111762
705,-0.0701,-0.01402,0.1238,0.0520921,0.161872
706,-0.0131,-0.00262,0.114,0.052079,0.163459
707,0.0346,0.00692,0.0954,0.0521136,0.154434
708,0.059,0.0118,0.0488,0.0521726,0.112773
709,0.0829,0.01658,0.0478,0.0522555,0.116636
710,0.0906,0.01812,0.0154,0.0523461,0.0858661
711,0.0894,0.01788,-0.0024,0.0524355,0.0679155
712,0.0804,0.01608,-0.018,0.0525159,0.0505959
713,0.0558,0.01116,-0.0492,0.0525717,0.0145317
714,0.0193,0.00386,-0.073,0.052591,-0.016549
715,-0.0415,-0.0083,-0.1216,0.0525495,-0.0773505
716,-0.0114,-0.00228,0.0602,0.0525381,0.110458
717,0.0867,0.01734,0.1962,0.0526248,0.266165
718,0.179,0.0358,0.1846,0.0528038,0.273204
719,0.2306,0.04612,0.1032,0.0530344,0.202354
720,0.2853,0.05706,0.1094,0.0533197,0.21978
721,0.3129,0.06258,0.0552,0.0536326,0.171413
722,0.3155,0.0631,0.0052,0.0539481,0.122248
723,0.3096,0.06192,-0.0118,0.0542577,0.104378
724,0.4015,0.0803,0.1838,0.0546592,0.318759
725,0.5931,0.11862,0.3832,0.0552523,0.557072
726,0.7029,0.14058,0.2196,0.0559552,0.416135
727,0.8225,0.1645,0.2392,0.0567777,0.460478
728,0.8831,0.17662,0.1212,0.0576608,0.355481
729,0.8802,0.17604,-0.0058,0.058541,0.228781
730,0.8428,0.16856,-0.0748,0.0593838,0.153144
731,0.7409,0.14818,-0.2038,0.0601247,0.0045047
732,0.6458,0.12916,-0.1902,0.0607705,-0.0002695
733,0.474,0.0948,-0.3436,0.0612445,-0.187556
734,0.321,0.0642,-0.306,0.0615655,-0.180234
735,0.3392,0.06784,0.0364,0.0619047,0.166145
736,0.4172,0.08344,0.156,0.0623219,0.301762
737,0.4627,0.09254,0.091,0.0627846,0.246325
738,0.5058,0.10116,0.0862,0.0632904,0.25065
739,0.5161,0.10322,0.0206,0.0638065,0.187626
740,0.5033,0.10066,-0.0256,0.0643098,0.13937
741,0.4933,0.09866,-0.02,0.0648031,0.143463
742,0.6451,0.12902,0.3036,0.0654482,0.498068
743,0.9705,0.1941,0.6508,0.0664187,0.911319
744,1.2507,0.25014,0.5604,0.0676694,0.878209
745,1.4023,0.28046,0.3032,0.0690717,0.652732
746,1.5662,0.31324,0.3278,0.0706379,0.711678
747,1.6453,0.32906,0.1582,0.0722832,0.559543
748,1.6462,0.32924,0.0018,0.0739294,0.404969
749,1.5708,0.31416,-0.1508,0.0755002,0.23886
750,1.4733,0.29466,-0.195,0.0769735,0.176634
751,1.2702,0.25404,-0.4062,0.0782437,-0.0739163
752,1.1572,0.23144,-0.226,0.0794009,0.0848409
753,1.149,0.2298,-0.0164,0.0805499,0.29395
754,1.1084,0.22168,-0.0812,0.0816583,0.222138
755,1.0174,0.20348,-0.182,0.0826757,0.104156
756,0.9287,0.18574,-0.1774,0.0836044,0.0919444
757,0.7625,0.1525,-0.3324,0.0843669,-0.0955331
758,0.5622,0.11244,-0.4006,0.0849291,-0.203231
759,0.4164,0.08328,-0.2916,0.0853455,-0.122975
760,0.2209,0.04418,-0.391,0.0855664,-0.261254
761,0.2033,0.04066,-0.0352,0.0857697,0.0912297
762,0.2203,0.04406,0.034,0.08599,0.16405
763,0.2442,0.04884,0.0478,0.0862342,0.182874
764,0.2564,0.05128,0.0244,0.0864906,0.162171
765,0.2556,0.05112,-0.0016,0.0867462,0.136266
766,0.2397,0.04794,-0.0318,0.0869859,0.103126
767,0.2062,0.04124,-0.067,0.0871921,0.0614321
768,0.1746,0.03492,-0.0632,0.0873667,0.0590867
769,0.1159,0.02318,-0.1174,0.0874826,-0.0067374
770,0.0447,0.00894,-0.1424,0.0875273,-0.0459327
771,0.0533,0.01066,0.0172,0.0875806,0.115441
772,0.2076,0.04152,0.3086,0.0877882,0.437908
773,0.3124,0.06248,0.2096,0.0881006,0.360181
774,0.4433,0.08866,0.2618,0.0885439,0.439004
775,0.5343,0.10686,0.182,0.0890782,0.377938
776,0.569,0.1138,0.0694,0.0896472,0.272847
777,0.5788,0.11576,0.0196,0.090226,0.225586
778,0.5587,0.11174,-0.0402,0.0907847,0.162325
779,0.4924,0.09848,-0.1326,0.0912771,0.0571571
780,0.386,0.0772,-0.2128,0.0916631,-0.0439369
781,0.2969,0.05938,-0.1782,0.09196,-0.02686
782,0.1548,0.03096,-0.2842,0.0921148,-0.161125
783,0.0717,0.01434,-0.1662,0.0921865,-0.0596735
784,-0.0516,-0.01032,-0.2466,0.0921349,-0.164785
785,-0.1349,-0.02698,-0.1666,0.092,-0.10158
786,-0.2555,-0.0511,-0.2412,0.0917445,-0.200555
787,-0.3684,-0.07368,-0.2258,0.0913761,-0.208104
788,-0.4362,-0.08724,-0.1356,0.0909399,-0.1319
789,-0.5205,-0.1041,-0.1686,0.0904194,-0.182281
790,-0.5651,-0.11302,-0.0892,0.0898543,-0.112366
791,-0.6124,-0.12248,-0.0946,0.0892419,-0.127838
792,-0.6363,-0.12726,-0.0478,0.0886056,-0.0864544
793,-0.6283,-0.12566,0.016,0.0879773,-0.0216827
794,0.5696,0.11392,2.3958,0.0885469,2.59827
795,-0.3827,-0.07654,-1.9046,0.0881642,-1.89298
796,-0.2029,-0.04058,0.3596,0.0879613,0.406981
797,-0.0089,-0.00178,0.388,0.0879524,0.474172
798,0.1227,0.02454,0.2632,0.0880751,0.375815
799,0.2996,0.05992,0.3538,0.0883747,0.502095
800,0.4003,0.08006,0.2014,0.088775,0.370235
801,0.5156,0.10312,0.2306,0.0892906,0.423011
802,0.5672,0.11344,0.1032,0.0898578,0.306498
803,0.6031,0.12062,0.0718,0.0904609,0.282881
804,0.59,0.118,-0.0262,0.0910509,0.182851
805,0.5551,0.11102,-0.0698,0.091606,0.132826
806,0.4679,0.09358,-0.1744,0.0920739,0.0112539
807,0.3888,0.07776,-0.1582,0.0924627,0.0120227
808,0.2477,0.04954,-0.2822,0.0927104,-0.13995
809,0.085,0.017,-0.3254,0.0927954,-0.215605
810,-0.0297,-0.00594,-0.2294,0.0927657,-0.142574
811,-0.1988,-0.03976,-0.3382,0.0925669,-0.285393
812,-0.3614,-0.07228,-0.3252,0.0922055,-0.305275
813,-0.4611,-0.09222,-0.1994,0.0917444,-0.199876
814,-0.5883,-0.11766,-0.2544,0.0911561,-0.280904
815,-0.6581,-0.13162,-0.1396,0.090498,-0.180722
816,-0.7359,-0.14718,-0.1556,0.0897621,-0.213018
817,-0.7815,-0.1563,-0.0912,0.0889806,-0.158519
818,-0.7935,-0.1587,-0.024,0.0881871,-0.0945129
819,-0.7844,-0.15688,0.0182,0.0874027,-0.0512773
820,-0.7458,-0.14916,0.0772,0.0866569,0.0146969
821,-0.7057,-0.14114,0.0802,0.0859512,0.0250112
822,-0.6296,-0.12592,0.1522,0.0853216,0.111602
823,-0.57,-0.114,0.1192,0.0847516,0.0899516
824,-0.4742,-0.09484,0.1916,0.0842774,0.181037
825,-0.408,-0.0816,0.1324,0.0838694,0.134669
826,-0.3116,-0.06232,0.1928,0.0835578,0.214038
827,-0.2508,-0.05016,0.1216,0.083307,0.154747
828,-0.1868,-0.03736,0.128,0.0831202,0.17376
829,-0.1219,-0.02438,0.1298,0.0829983,0.188418
830,-0.0557,-0.01114,0.1324,0.0829426,0.204203
831,-0.011,-0.0022,0.0894,0.0829316,0.170132
832,0.0063,0.00126,0.0346,0.0829379,0.118798
833,0.013,0.0026,0.0134,0.0829509,0.0989509
834,0.0054,0.00108,-0.0152,0.0829563,0.0688363
835,-0.0223,-0.00446,-0.0554,0.082934,0.023074
836,-0.0678,-0.01356,-0.091,0.0828662,-0.0216938
837,-0.106,-0.0212,-0.0764,0.0827602,-0.0148398
838,-0.1708,-0.03416,-0.1296,0.0825894,-0.0811706
839,-0.2421,-0.04842,-0.1426,0.0823473,-0.108673
840,-0.2906,-0.05812,-0.097,0.0820567,-0.0730633
841,-0.3597,-0.07194,-0.1382,0.081697,-0.128443
842,-0.4025,-0.0805,-0.0856,0.0812945,-0.0848055
843,-0.4583,-0.09166,-0.1116,0.0808362,-0.122424
844,-0.4891,-0.09782,-0.0616,0.0803471,-0.0790729
845,-0.5236,-0.10472,-0.069,0.0798235,-0.0938965
846,-0.5436,-0.10872,-0.04,0.0792799,-0.0694401
847,-0.5485,-0.1097,-0.0098,0.0787314,-0.0407686
848,-0.5432,-0.10864,0.0106,0.0781882,-0.0198518
849,-0.5238,-0.10476,0.0388,0.0776644,0.0117044
850,-0.5039,-0.10078,0.0398,0.0771605,0.0161805
851,-0.4658,-0.09316,0.0762,0.0766947,0.0597347
852,-0.4357,-0.08714,0.0602,0.076259,0.049319
853,-0.3869,-0.07738,0.0976,0.0758721,0.0960921
854,-0.356,-0.0712,0.0618,0.0755161,0.0661161
855,-0.3549,-0.07098,0.0022,0.0751612,0.0063812
856,-0.4657,-0.09314,-0.2216,0.0746955,-0.240044
857,-0.5462,-0.10924,-0.161,0.0741493,-0.196091
858,-0.6531,-0.13062,-0.2138,0.0734962,-0.270924
859,-0.712,-0.1424,-0.1178,0.0727842,-0.187416
860,-0.7759,-0.15518,-0.1278,0.0720083,-0.210972
861,-0.8098,-0.16196,-0.0678,0.0711985,-0.158561
862,-0.815,-0.163,-0.0104,0.0703835,-0.103016
863,-0.797,-0.1594,0.036,0.0695865,-0.0538135
864,-0.7829,-0.15658,0.0282,0.0688036,-0.0595764
865,-0.9331,-0.18662,-0.3004,0.0678705,-0.419149
866,-1.0963,-0.21926,-0.3264,0.0667742,-0.478886
867,-1.1841,-0.23682,-0.1756,0.0655901,-0.34683
868,-1.2692,-0.25384,-0.1702,0.0643209,-0.359719
869,-1.2942,-0.25884,-0.05,0.0630267,-0.245813
870,-1.2967,-0.25934,-0.005,0.06173,-0.20261
871,-1.2475,-0.2495,0.0984,0.0604825,-0.0906175
872,-1.1865,-0.2373,0.122,0.059296,-0.056004
873,-1.0596,-0.21192,0.2538,0.0582364,0.100116
874,-0.8961,-0.17922,0.327,0.0573403,0.20512
875,-0.7729,-0.15458,0.2464,0.0565674,0.148387
876,-0.6458,-0.12916,0.2542,0.0559216,0.180962
877,-0.7449,-0.14898,-0.1982,0.0551767,-0.292003
878,-0.9343,-0.18686,-0.3788,0.0542424,-0.511418
879,-1.0524,-0.21048,-0.2362,0.05319,-0.39349
880,-1.1978,-0.23956,-0.2908,0.0519922,-0.478368
881,-1.2718,-0.25436,-0.148,0.0507204,-0.35164
882,-1.339,-0.2678,-0.1344,0.0493814,-0.352819
883,-1.3511,-0.27022,-0.0242,0.0480303,-0.24639
884,-1.3972,-0.27944,-0.0922,0.0466331,-0.325007
885,-1.5659,-0.31318,-0.3374,0.0450672,-0.605513
886,-1.8211,-0.36422,-0.5104,0.0432461,-0.831374
887,-1.9522,-0.39044,-0.2622,0.0412939,-0.611346
888,-2.0765,-0.4153,-0.2486,0.0392174,-0.624683
889,-2.1076,-0.42152,-0.0622,0.0371098,-0.44661
890,-2.0738,-0.41476,0.0676,0.035036,-0.312124
891,-1.9486,-0.38972,0.2504,0.0330874,-0.106233
892,-1.7443,-0.34886,0.4086,0.0313431,0.0910831
893,-1.6523,-0.33046,0.184,0.0296908,-0.116769
894,-1.6715,-0.3343,-0.0384,0.0280193,-0.344681
895,-1.6836,-0.33672,-0.0242,0.0263357,-0.334584
896,-1.6616,-0.33232,0.044,0.0246741,-0.263646
897,-1.5782,-0.31564,0.1668,0.0230959,-0.125744
898,-1.438,-0.2876,0.2804,0.0216579,0.0144579
899,-1.2498,-0.24996,0.3764,0.0204081,0.146848
900,-1.1046,-0.22092,0.2904,0.0193035,0.0887835
901,-0.8713,-0.17426,0.4666,0.0184322,0.310772
902,-0.6246,-0.12492,0.4934,0.0178076,0.386288
903,-0.4678,-0.09356,0.3136,0.0173398,0.23738
904,-0.3565,-0.0713,0.2226,0.0169833,0.168283
905,-0.314,-0.0628,0.085,0.0166693,0.0388693
906,-0.2635,-0.0527,0.101,0.0164058,0.0647058
907,-0.2241,-0.04482,0.0788,0.0161817,0.0501617
908,-0.1944,-0.03888,0.0594,0.0159873,0.0365073
909,-0.18,-0.036,0.0288,0.0158073,0.0086073
910,-0.1653,-0.03306,0.0294,0.015642,0.011982
911,-0.1591,-0.03182,0.0124,0.0154829,-0.0039371
912,-0.1621,-0.03242,-0.006,0.0153208,-0.0230992
913,-0.2719,-0.05438,-0.2196,0.0150489,-0.258931
914,-0.3597,-0.07194,-0.1756,0.0146892,-0.232851
915,-0.4787,-0.09574,-0.238,0.0142105,-0.319529
916,-0.5458,-0.10916,-0.1342,0.0136647,-0.229695
917,-0.6206,-0.12412,-0.1496,0.0130441,-0.260676
918,-0.6523,-0.13046,-0.0634,0.0123918,-0.181468
919,-0.6708,-0.13416,-0.037,0.011721,-0.159439
920,-0.6548,-0.13096,0.032,0.0110662,-0.0878938
921,-0.6258,-0.12516,0.058,0.0104404,-0.0567196
922,-0.5966,-0.11932,0.0584,0.0098438,-0.0510762
923,-0.5662,-0.11324,0.0608,0.0092776,-0.0431624
924,-0.5332,-0.10664,0.066,0.0087444,-0.0318956
925,-0.4655,-0.0931,0.1354,0.0082789,0.0505789
926,-0.3783,-0.07566,0.1744,0.0079006,0.106641
927,-0.312,-0.0624,0.1326,0.0075886,0.0777886
928,-0.2075,-0.0415,0.209,0.0073811,0.174881
929,-0.0992,-0.01984,0.2166,0.0072819,0.204042
930,-0.0284,-0.00568,0.1416,0.0072535,0.143174
931,0.0687,0.01374,0.1942,0.0073222,0.215262
932,0.127,0.0254,0.1166,0.0074492,0.149449
933,0.2003,0.04006,0.1466,0.0076495,0.19431
934,0.2392,0.04784,0.0778,0.0078887,0.133529
935,0.2806,0.05612,0.0828,0.0081693,0.147089
936,0.3017,0.06034,0.0422,0.008471,0.111011
937,0.3023,0.06046,0.0012,0.0087733,0.0704333
938,0.2914,0.05828,-0.0218,0.0090647,0.0455447
939,0.2597,0.05194,-0.0634,0.0093244,-0.0021356
940,0.2265,0.0453,-0.0664,0.0095509,-0.0115491
941,0.165,0.033,-0.123,0.0097159,-0.0802841
942,0.0957,0.01914,-0.1386,0.0098116,-0.109648
943,0.0482,0.00964,-0.095,0.0098598,-0.0755002
944,-0.0198,-0.00396,-0.136,0.00984,-0.13012
945,-0.0821,-0.01642,-0.1246,0.0097579,-0.131262
946,-0.1184,-0.02368,-0.0726,0.0096395,-0.0866405
947,-0.1616,-0.03232,-0.0864,0.0094779,-0.109242
948,-0.1826,-0.03652,-0.042,0.0092953,-0.0692247
949,-0.2015,-0.0403,-0.0378,0.0090938,-0.0690062
950,-0.2051,-0.04102,-0.0072,0.0088887,-0.0393313
951,-0.1992,-0.03984,0.0118,0.0086895,-0.0193505
952,-0.1787,-0.03574,0.041,0.0085108,0.0137708
953,-0.158,-0.0316,0.0414,0.0083528,0.0181528
954,-0.1189,-0.02378,0.0782,0.0082339,0.0626539
955,-0.0883,-0.01766,0.0612,0.0081456,0.0516856
956,-0.1319,-0.02638,-0.0872,0.0080137,-0.105566
957,0.0808,0.01616,0.4254,0.0080945,0.449655
958,0.1641,0.03282,0.1666,0.0082586,0.207679
959,0.2748,0.05496,0.2214,0.0085334,0.284893
960,0.3631,0.07262,0.1766,0.0088965,0.258117
961,0.4082,0.08164,0.0902,0.0093047,0.181145
962,0.4516,0.09032,0.0868,0.0097563,0.186876
963,0.4649,0.09298,0.0266,0.0102212,0.129801
964,0.4619,0.09238,-0.006,0.0106831,0.0970631
965,0.4325,0.0865,-0.0588,0.0111156,0.0388156
966,0.3997,0.07994,-0.0656,0.0115153,0.0258553
967,0.3348,0.06696,-0.1298,0.0118501,-0.0509899
968,0.2542,0.05084,-0.1612,0.0121043,-0.0982557
969,0.1949,0.03898,-0.1186,0.0122992,-0.0673208
970,0.1042,0.02084,-0.1814,0.0124034,-0.148157
971,0.0142,0.00284,-0.18,0.0124176,-0.164742
972,-0.0424,-0.00848,-0.1132,0.0123752,-0.109305
973,-0.1164,-0.02328,-0.148,0.0122588,-0.159021
974,-0.1581,-0.03162,-0.0834,0.0121007,-0.102919
975,-0.2058,-0.04116,-0.0954,0.0118949,-0.124665
976,-0.2356,-0.04712,-0.0596,0.0116593,-0.0950607
977,-0.2447,-0.04894,-0.0182,0.0114146,-0.0557254
978,-0.2423,-0.04846,0.0048,0.0111723,-0.0324877
979,-0.2306,-0.04612,0.0234,0.0109417,-0.0117783
980,-0.1998,-0.03996,0.0616,0.0107419,0.0323819
981,-0.1714,-0.03428,0.0568,0.0105705,0.0330905
982,-0.1198,-0.02396,0.1032,0.0104507,0.0896907
983,0.169,0.0338,0.5776,0.0106197,0.62202
984,0.1863,0.03726,0.0346,0.010806,0.082666
985,0.3406,0.06812,0.3086,0.0111466,0.387867
986,0.5623,0.11246,0.4434,0.0117089,0.567569
987,0.6977,0.13954,0.2708,0.0124066,0.422747
988,0.8627,0.17254,0.33,0.0132693,0.515809
989,0.9765,0.1953,0.2276,0.0142458,0.437146
990,1.02,0.204,0.087,0.0152658,0.306266
991,1.0335,0.2067,0.027,0.0162993,0.249999
992,1.01,0.202,-0.047,0.0173093,0.172309
993,0.9307,0.18614,-0.1586,0.01824,0.04578
994,0.8035,0.1607,-0.2544,0.0190435,-0.0746565
995,0.709,0.1418,-0.189,0.0197525,-0.0274475
996,0.6788,0.13576,-0.0604,0.0204313,0.0957913
997,0.7027,0.14054,0.0478,0.021134,0.209474
998,0.7204,0.14408,0.0354,0.0218544,0.201334
999,0.7099,0.14198,-0.021,0.0225643,0.143544
1000,0.6854,0.13708,-0.049,0.0232497,0.11133
1001,0.6252,0.12504,-0.1204,0.0238749,0.0285149
1002,0.5392,0.10784,-0.172,0.0244141,-0.0397459
1003,0.4704,0.09408,-0.1376,0.0248845,-0.0186355
1004,0.3569,0.07138,-0.227,0.0252414,-0.130379
1005,0.2342,0.04684,-0.2454,0.0254756,-0.173084
1006,0.1513,0.03026,-0.1658,0.0256269,-0.109913
1007,0.0336,0.00672,-0.2354,0.0256605,-0.203019
1008,-0.0395,-0.0079,-0.1462,0.025621,-0.128479
1009,-0.1354,-0.02708,-0.1918,0.0254856,-0.193394
1010,-0.2132,-0.04264,-0.1556,0.0252724,-0.172968
1011,-0.2501,-0.05002,-0.0738,0.0250223,-0.0987977
1012,-0.0186,-0.00372,0.463,0.0250037,0.484284
1013,0.5043,0.10086,1.0458,0.025508,1.17217
1014,1.0405,0.2081,1.0724,0.0265485,1.30705
1015,1.3875,0.2775,0.694,0.027936,0.999436
1016,1.8819,0.37638,0.9888,0.0298179,1.395
1017,2.188,0.4376,0.6122,0.0320059,1.08181
1018,2.6019,0.52038,0.8278,0.0346078,1.38279
1019,2.9492,0.58984,0.6946,0.037557,1.322
1020,3.1367,0.62734,0.375,0.0406937,1.04303
1021,3.3418,0.66836,0.4102,0.0440355,1.1226
1022,3.4215,0.6843,0.1594,0.047457,0.891157
1023,3.4465,0.6893,0.05,0.0509035,0.790203
1024,3.352,0.6704,-0.189,0.0542555,0.535655
1025,3.2225,0.6445,-0.259,0.057478,0.442978
1026,2.9507,0.59014,-0.5436,0.0604287,0.106969
1027,2.5991,0.51982,-0.7032,0.0630278,-0.120352
1028,2.1723,0.43446,-0.8536,0.0652001,-0.35394
1029,1.8608,0.37216,-0.623,0.0670609,-0.183779
1030,1.3739,0.27478,-0.9738,0.0684348,-0.630585
1031,0.874,0.1748,-0.9998,0.0693088,-0.755691
1032,0.5488,0.10976,-0.6504,0.0698576,-0.470782
1033,0.2541,0.05082,-0.5894,0.0701117,-0.468468
1034,0.2768,0.05536,0.0454,0.0703885,0.171149
1035,0.377,0.0754,0.2004,0.0707655,0.346566
1036,0.5385,0.1077,0.323,0.071304,0.502004
1037,0.6947,0.13894,0.3124,0.0719987,0.523339
1038,0.7885,0.1577,0.1876,0.0727872,0.418087
1039,0.9026,0.18052,0.2282,0.0736898,0.48241
1040,0.9578,0.19156,0.1104,0.0746476,0.376608
1041,1.0026,0.20052,0.0896,0.0756502,0.36577
1042,1.0011,0.20022,-0.003,0.0766513,0.273871
1043,0.9742,0.19484,-0.0538,0.0776255,0.218665
1044,0.8979,0.17958,-0.1526,0.0785234,0.105503
1045,0.8246,0.16492,-0.1466,0.079348,0.097668
1046,0.6879,0.13758,-0.2734,0.0800359,-0.0557841
1047,0.523,0.1046,-0.3298,0.0805589,-0.144641
1048,0.4025,0.0805,-0.241,0.0809614,-0.0795386
1049,0.2174,0.04348,-0.3702,0.0811788,-0.245541
1050,0.0297,0.00594,-0.3754,0.0812085,-0.288251
1051,-0.0917,-0.01834,-0.2428,0.0811168,-0.180023
1052,-0.2576,-0.05152,-0.3318,0.0808592,-0.302461
1053,-0.4042,-0.08084,-0.2932,0.080455,-0.293585
1054,-0.4788,-0.09576,-0.1492,0.0799762,-0.164984
1055,-0.4371,-0.08742,0.0834,0.0795391,0.0755191
1056,-0.327,-0.0654,0.2202,0.0792121,0.234012
1057,-0.1507,-0.03014,0.3526,0.0790614,0.401521
1058,0.0248,0.00496,0.351,0.0790862,0.435046
1059,0.1332,0.02664,0.2168,0.0792194,0.322659
1060,0.2716,0.05432,0.2768,0.079491,0.410611
1061,0.3469,0.06938,0.1506,0.0798379,0.299818
1062,0.4285,0.0857,0.1632,0.0802664,0.329166
1063,0.4618,0.09236,0.0666,0.0807282,0.239688
1064,0.4793,0.09586,0.035,0.0812075,0.212068
1065,0.459,0.0918,-0.0406,0.0816665,0.132867
1066,0.4257,0.08514,-0.0666,0.0820922,0.100632
1067,0.3503,0.07006,-0.1508,0.0824425,0.0017025
1068,0.3593,0.07186,0.018,0.0828018,0.172662
1069,0.4263,0.08526,0.134,0.0832281,0.302488
1070,0.5252,0.10504,0.1978,0.0837533,0.386593
1071,0.5906,0.11812,0.1308,0.0843439,0.333264
1072,0.6106,0.12212,0.04,0.0849545,0.247075
1073,0.6038,0.12076,-0.0136,0.0855583,0.192718
1074,0.5558,0.11116,-0.096,0.0861141,0.101274
1075,0.5032,0.10064,-0.1052,0.0866173,0.0820573
1076,0.3991,0.07982,-0.2082,0.0870164,-0.0413636
1077,0.315,0.063,-0.1682,0.0873314,-0.0178686
1078,0.1754,0.03508,-0.2792,0.0875068,-0.156613
1079,0.0755,0.0151,-0.1998,0.0875823,-0.0971177
1080,-0.0755,-0.0151,-0.302,0.0875068,-0.229593
1081,-0.2245,-0.0449,-0.298,0.0872823,-0.255618
1082,-0.3623,-0.07246,-0.2756,0.08692,-0.26114
1083,-0.4796,-0.09592,-0.2346,0.0864404,-0.24408
1084,-0.5435,-0.1087,-0.1278,0.0858969,-0.150603
1085,-0.6155,-0.1231,-0.144,0.0852814,-0.181819
1086,-0.6485,-0.1297,-0.066,0.0846329,-0.111067
1087,-0.6749,-0.13498,-0.0528,0.083958,-0.103822
1088,-0.6423,-0.12846,0.0652,0.0833157,0.0200557
1089,-0.4426,-0.08852,0.3994,0.0828731,0.393753
1090,-0.1543,-0.03086,0.5766,0.0827188,0.628459
1091,0.1307,0.02614,0.57,0.0828495,0.67899
1092,0.3078,0.06156,0.3542,0.0831573,0.498917
1093,0.542,0.1084,0.4684,0.0836993,0.660499
1094,0.6729,0.13458,0.2618,0.0843722,0.480752
1095,0.8206,0.16412,0.2954,0.0851928,0.544713
1096,0.9077,0.18154,0.1742,0.0861005,0.441841
1097,0.93,0.186,0.0446,0.0870305,0.317631
1098,0.91,0.182,-0.04,0.0879405,0.229941
1099,0.8313,0.16626,-0.1574,0.0887718,0.0976318
1100,0.7498,0.14996,-0.163,0.0895216,0.0764816
1101,0.5941,0.11882,-0.3114,0.0901157,-0.102464
1102,0.4045,0.0809,-0.3792,0.0905202,-0.20778
1103,0.266,0.0532,-0.277,0.0907862,-0.133014
1104,0.0547,0.01094,-0.4226,0.0908409,-0.320819
1105,-0.1571,-0.03142,-0.4236,0.0906838,-0.364336
1106,-0.2922,-0.05844,-0.2702,0.0903916,-0.238248
1107,-0.4735,-0.0947,-0.3626,0.0899181,-0.367382
1108,-0.629,-0.1258,-0.311,0.0892891,-0.347511
1109,-0.7144,-0.14288,-0.1708,0.0885747,-0.225105
1110,-0.7951,-0.15902,-0.1614,0.0877796,-0.23264
1111,-0.7246,-0.14492,0.141,0.087055,0.083135
1112,-0.5948,-0.11896,0.2596,0.0864602,0.2271
1113,-0.3788,-0.07576,0.432,0.0860814,0.442321
1114,-0.1588,-0.03176,0.44,0.0859226,0.494163
1115,-0.0187,-0.00374,0.2802,0.0859039,0.362364
1116,0.1681,0.03362,0.3736,0.086072,0.493292
1117,0.3231,0.06462,0.31,0.0863951,0.461015
1118,0.4041,0.08082,0.162,0.0867992,0.329619
1119,0.4854,0.09708,0.1626,0.0872846,0.346965
1120,0.5208,0.10416,0.0708,0.0878054,0.262765
1121,0.519,0.1038,-0.0036,0.0883244,0.188524
1122,0.4799,0.09598,-0.0782,0.0888043,0.106584
1123,0.4014,0.08028,-0.157,0.0892057,0.0124857
1124,0.3304,0.06608,-0.142,0.0895361,0.0136161
1125,0.2043,0.04086,-0.2522,0.0897404,-0.1216
1126,0.0592,0.01184,-0.2902,0.0897996,-0.18856
1127,-0.043,-0.0086,-0.2044,0.0897566,-0.123243
1128,-0.194,-0.0388,-0.302,0.0895626,-0.251237
1129,-0.2919,-0.05838,-0.1958,0.0892707,-0.164909
1130,-0.4264,-0.08528,-0.269,0.0888443,-0.265436
1131,-0.537,-0.1074,-0.2212,0.0883073,-0.240293
1132,-0.5211,-0.10422,0.0318,0.0877862,0.0153662
1133,-0.4694,-0.09388,0.1034,0.0873168,0.0968368
1134,-0.379,-0.0758,0.1808,0.0869378,0.191938
1135,-0.3147,-0.06294,0.1286,0.0866231,0.152283
1136,-0.2213,-0.04426,0.1868,0.0864018,0.228942
1137,-0.1344,-0.02688,0.1738,0.0862674,0.233187
1138,-0.0831,-0.01662,0.1026,0.0861843,0.172164
1139,-0.0209,-0.00418,0.1244,0.0861634,0.206383
1140,0.0106,0.00212,0.063,0.086174,0.151294
1141,0.0411,0.00822,0.061,0.0862151,0.155435
1142,0.0517,0.01034,0.0212,0.0862668,0.117807
1143,0.0529,0.01058,0.0024,0.0863197,0.0992997
1144,0.124,0.0248,0.1422,0.0864437,0.253444
1145,0.1829,0.03658,0.1178,0.0866266,0.241007
1146,0.2493,0.04986,0.1328,0.0868759,0.269536
1147,0.2859,0.05718,0.0732,0.0871618,0.217542
1148,0.2923,0.05846,0.0128,0.0874541,0.158714
1149,0.2751,0.05502,-0.0344,0.0877292,0.108349
1150,0.2471,0.04942,-0.056,0.0879763,0.0813963
1151,0.184,0.0368,-0.1262,0.0881603,-0.0012397
1152,0.0986,0.01972,-0.1708,0.0882589,-0.0628211
1153,0.0322,0.00644,-0.1328,0.0882911,-0.0380689
1154,-0.0431,-0.00862,-0.1506,0.088248,-0.070972
1155,-0.07,-0.014,-0.0538,0.088178,0.020378
1156,-0.1119,-0.02238,-0.0838,0.0880661,-0.0181139
1157,-0.1414,-0.02828,-0.059,0.0879247,0.0006447
1158,-0.1874,-0.03748,-0.092,0.0877373,-0.0417427
1159,-0.2188,-0.04376,-0.0628,0.0875185,-0.0190415
1160,-0.2647,-0.05294,-0.0918,0.0872538,-0.0574862
1161,-0.3083,-0.06166,-0.0872,0.0869455,-0.0619145
1162,-0.3351,-0.06702,-0.0536,0.0866104,-0.0340096
1163,-0.3617,-0.07234,-0.0532,0.0862487,-0.0392913
1164,-0.3272,-0.06544,0.069,0.0859215,0.0894815
1165,-0.2522,-0.05044,0.15,0.0856693,0.185229
1166,-0.2011,-0.04022,0.1022,0.0854682,0.147448
1167,-0.1318,-0.02636,0.1386,0.0853364,0.197576
1168,-0.0737,-0.01474,0.1162,0.0852627,0.186723
1169,-0.0431,-0.00862,0.0612,0.0852196,0.1378
1170,-0.0121,-0.00242,0.062,0.0852075,0.144788
1171,-0.0011,-0.00022,0.022,0.0852064,0.106986
1172,0.0006,0.00012,0.0034,0.085207,0.088727
1173,-0.0148,-0.00296,-0.0308,0.0851922,0.0514322
1174,-0.0338,-0.00676,-0.038,0.0851584,0.0403984
1175,-0.0733,-0.01466,-0.079,0.0850851,-0.0085749
1176,-0.1061,-0.02122,-0.0656,0.084979,-0.001841
1177,-0.1616,-0.03232,-0.111,0.0848174,-0.0585026
1178,-0.2019,-0.04038,-0.0806,0.0846155,-0.0363645
1179,-0.2622,-0.05244,-0.1206,0.0843533,-0.0886867
1180,-0.259,-0.0518,0.0064,0.0840943,0.0386943
1181,-0.236,-0.0472,0.046,0.0838583,0.0826583
1182,-0.2115,-0.0423,0.049,0.0836468,0.0903468
1183,-0.197,-0.0394,0.029,0.0834498,0.0730498
1184,-0.1801,-0.03602,0.0338,0.0832697,0.0810497
1185,-0.1692,-0.03384,0.0218,0.0831005,0.0710605
1186,-0.1653,-0.03306,0.0078,0.0829352,0.0576752
1187,-0.1667,-0.03334,-0.0028,0.0827685,0.0466285
1188,-0.1746,-0.03492,-0.0158,0.0825939,0.0318739
1189,-0.1474,-0.02948,0.0544,0.0824465,0.107367
1190,-0.1035,-0.0207,0.0878,0.082343,0.149443
1191,-0.0442,-0.00884,0.1186,0.0822988,0.192059
1192,0.0019,0.00038,0.0922,0.0823007,0.174881
1193,0.0227,0.00454,0.0416,0.0823234,0.128463
1194,0.0373,0.00746,0.0292,0.0823607,0.119021
1195,0.0365,0.0073,-0.0016,0.0823972,0.0880972
1196,0.0201,0.00402,-0.0328,0.0824173,0.0536373
1197,-0.0003,-6e-05,-0.0408,0.082417,0.041557
1198,-0.0427,-0.00854,-0.0848,0.0823743,-0.0109657
1199,-0.0976,-0.01952,-0.1098,0.0822767,-0.0470433
1200,-0.1391,-0.02782,-0.083,0.0821376,-0.0286824
1201,-0.2044,-0.04088,-0.1306,0.0819332,-0.0895468
1202,-0.2717,-0.05434,-0.1346,0.0816615,-0.107278
1203,-0.3154,-0.06308,-0.0874,0.0813461,-0.0691339
1204,-0.375,-0.075,-0.1192,0.0809711,-0.113229
1205,-0.4252,-0.08504,-0.1004,0.0805459,-0.104894
1206,-0.431,-0.0862,-0.0116,0.0801149,-0.0176851
1207,-0.3961,-0.07922,0.0698,0.0797188,0.0702988
1208,-0.3664,-0.07328,0.0594,0.0793524,0.0654724
1209,-0.3189,-0.06378,0.095,0.0790335,0.110254
1210,-0.2865,-0.0573,0.0648,0.078747,0.086247
1211,-0.2403,-0.04806,0.0924,0.0785067,0.122847
1212,-0.2117,-0.04234,0.0572,0.078295,0.093155
1213,-0.1749,-0.03498,0.0736,0.0781201,0.11674
1214,-0.1461,-0.02922,0.0576,0.077974,0.106354
1215,-0.1322,-0.02644,0.0278,0.0778418,0.0792018
1216,0.1126,0.02252,0.4896,0.0779544,0.590074
1217,-0.0278,-0.00556,-0.2808,0.0779266,-0.208433
1218,0.003,0.0006,0.0616,0.0779296,0.14013
1219,0.0459,0.00918,0.0858,0.0779755,0.172956
1220,0.082,0.0164,0.0722,0.0780575,0.166658
1221,0.0967,0.01934,0.0294,0.0781542,0.126894
1222,0.1028,0.02056,0.0122,0.078257,0.111017
1223,0.0965,0.0193,-0.0126,0.0783535,0.0850535
1224,0.0725,0.0145,-0.048,0.078426,0.044926
1225,0.0473,0.00946,-0.0504,0.0784733,0.0375333
1226,-0.0016,-0.00032,-0.0978,0.0784717,-0.0196483
1227,-0.0622,-0.01244,-0.1212,0.0784095,-0.0552305
1228,-0.107,-0.0214,-0.0896,0.0783025,-0.0326975
1229,-0.1764,-0.03528,-0.1388,0.0781261,-0.0959539
1230,-0.2233,-0.04466,-0.0938,0.0779028,-0.0605572
1231,-0.2903,-0.05806,-0.134,0.0776125,-0.114447
1232,-0.3518,-0.07036,-0.123,0.0772607,-0.116099
1233,-0.3879,-0.07758,-0.0722,0.0768728,-0.0729072
1234,-0.4317,-0.08634,-0.0876,0.0764411,-0.0974989
1235,-0.4629,-0.09258,-0.0624,0.0759782,-0.0790018
1236,-0.4761,-0.09522,-0.0264,0.0755021,-0.0461179
1237,-0.4828,-0.09656,-0.0134,0.0750193,-0.0349407
1238,-0.4692,-0.09384,0.0272,0.0745501,0.0079101
1239,-0.3921,-0.07842,0.1542,0.074158,0.149938
1240,-0.3014,-0.06028,0.1814,0.0738566,0.194977
1241,-0.2398,-0.04796,0.1232,0.0736168,0.148857
1242,-0.1543,-0.03086,0.171,0.0734625,0.213603
1243,-0.1028,-0.02056,0.103,0.0733597,0.1558
1244,-0.0386,-0.00772,0.1284,0.0733211,0.194001
1245,-0.0051,-0.00102,0.067,0.073316,0.139296
1246,0.0289,0.00578,0.068,0.0733449,0.147125
1247,0.0405,0.0081,0.0232,0.0733854,0.104685
1248,0.0413,0.00826,0.0016,0.0734267,0.0832867
1249,0.043,0.0086,0.0034,0.0734697,0.0854697
1250,0.0303,0.00606,-0.0254,0.0735,0.05416
1251,0.0344,0.00688,0.0082,0.0735344,0.0886144
1252,0.0306,0.00612,-0.0076,0.073565,0.072085
1253,0.012,0.0024,-0.0372,0.073577,0.038777
1254,-0.0088,-0.00176,-0.0416,0.0735682,0.0302082
1255,-0.0504,-0.01008,-0.0832,0.0735178,-0.0197622
1256,-0.084,-0.0168,-0.0672,0.0734338,-0.0105662
1257,-0.1399,-0.02798,-0.1118,0.0732939,-0.0664861
1258,-0.1798,-0.03596,-0.0798,0.0731141,-0.0426459
1259,-0.2396,-0.04792,-0.1196,0.0728745,-0.0946455
1260,-0.2977,-0.05954,-0.1162,0.0725768,-0.103163
1261,-0.3335,-0.0667,-0.0716,0.0722433,-0.0660567
1262,-0.3794,-0.07588,-0.0918,0.0718639,-0.0958161
1263,-0.4045,-0.0809,-0.0502,0.0714594,-0.0596406
1264,-0.4323,-0.08646,-0.0556,0.0710271,-0.0710329
1265,-0.444,-0.0888,-0.0234,0.0705831,-0.0416169
1266,-0.4509,-0.09018,-0.0138,0.0701322,-0.0338478
1267,-0.4428,-0.08856,0.0162,0.0696894,-0.0026706
1268,-0.4178,-0.08356,0.05,0.0692716,0.0357116
1269,-0.3539,-0.07078,0.1278,0.0689177,0.125938
1270,-0.3062,-0.06124,0.0954,0.0686115,0.102771
1271,-0.2351,-0.04702,0.1422,0.0683764,0.163556
1272,-0.1675,-0.0335,0.1352,0.0682089,0.169909
1273,-0.1268,-0.02536,0.0814,0.0680821,0.124122
1274,-0.0763,-0.01526,0.101,0.0680058,0.153746
1275,-0.0391,-0.00782,0.0744,0.0679667,0.134547
1276,-0.0226,-0.00452,0.033,0.0679441,0.0964241
1277,-0.0116,-0.00232,0.022,0.0679325,0.0876125
1278,-0.0163,-0.00326,-0.0094,0.0679162,0.0552562
1279,-0.0277,-0.00554,-0.0228,0.0678885,0.0395485
1280,-0.0558,-0.01116,-0.0562,0.0678327,0.0004727
1281,-0.0809,-0.01618,-0.0502,0.0677518,0.0013718
1282,-0.1254,-0.02508,-0.089,0.0676264,-0.0464536
1283,-0.1586,-0.03172,-0.0664,0.0674678,-0.0306522
1284,-0.1748,-0.03496,-0.0324,0.067293,-6.7e-05
1285,-0.1281,-0.02562,0.0934,0.0671649,0.134945
1286,-0.0969,-0.01938,0.0624,0.067068,0.110088
1287,-0.0571,-0.01142,0.0796,0.0670109,0.135191
1288,-0.0281,-0.00562,0.058,0.0669828,0.119363
1289,-0.0158,-0.00316,0.0246,0.066967,0.088407
1290,-0.009,-0.0018,0.0136,0.066958,0.078758
1291,-0.0119,-0.00238,-0.0058,0.0669461,0.0587661
1292,-0.0267,-0.00534,-0.0296,0.0669194,0.0319794
1293,-0.043,-0.0086,-0.0326,0.0668764,0.0256764
1294,-0.075,-0.015,-0.064,0.0668014,-0.0121986
1295,-0.1378,-0.02756,-0.1256,0.0666636,-0.0864964
1296,-0.2131,-0.04262,-0.1506,0.0664505,-0.126769
1297,-0.2632,-0.05264,-0.1002,0.0661873,-0.0866527
1298,-0.3324,-0.06648,-0.1384,0.0658549,-0.139025
1299,-0.3926,-0.07852,-0.1204,0.0654623,-0.133458
1300,-0.4258,-0.08516,-0.0664,0.0650365,-0.0865235
1301,-0.462,-0.0924,-0.0724,0.0645745,-0.100226
1302,-0.4772,-0.09544,-0.0304,0.0640973,-0.0617427
1303,-0.4859,-0.09718,-0.0174,0.0636114,-0.0509686
1304,-0.478,-0.0956,0.0158,0.0631334,-0.0166666
1305,-0.4641,-0.09282,0.0278,0.0626693,-0.0023507
1306,-0.432,-0.0864,0.0642,0.0622373,0.0400373
1307,-0.3766,-0.07532,0.1108,0.0618607,0.0973407
1308,-0.297,-0.0594,0.1592,0.0615637,0.161364
1309,-0.1757,-0.03514,0.2426,0.061388,0.268848
1310,-0.0586,-0.01172,0.2342,0.0613294,0.283809
1311,0.0115,0.0023,0.1402,0.0613409,0.203841
1312,0.0969,0.01938,0.1708,0.0614378,0.251618
1313,0.158,0.0316,0.1222,0.0615958,0.215396
1314,0.1835,0.0367,0.051,0.0617793,0.149479
1315,0.1972,0.03944,0.0274,0.0619765,0.128817
1316,0.1907,0.03814,-0.013,0.0621672,0.0873072
1317,0.1594,0.03188,-0.0626,0.0623266,0.0316066
1318,0.1252,0.02504,-0.0684,0.0624518,0.0190918
1319,0.0584,0.01168,-0.1336,0.0625102,-0.0594098
1320,0.005,0.001,-0.1068,0.0625152,-0.0432848
1321,-0.0819,-0.01638,-0.1738,0.0624333,-0.127747
1322,-0.1739,-0.03478,-0.184,0.0622594,-0.156521
1323,-0.2346,-0.04692,-0.1214,0.0620248,-0.106295
1324,-0.3178,-0.06356,-0.1664,0.061707,-0.168253
1325,-0.3901,-0.07802,-0.1446,0.0613169,-0.161303
1326,-0.4299,-0.08598,-0.0796,0.060887,-0.104693
1327,-0.4732,-0.09464,-0.0866,0.0604138,-0.120826
1328,-0.4894,-0.09788,-0.0324,0.0599244,-0.0703556
1329,-0.473,-0.0946,0.0328,0.0594514,-0.0023486
1330,-0.4338,-0.08676,0.0784,0.0590176,0.0506576
1331,-0.3559,-0.07118,0.1558,0.0586617,0.143282
1332,-0.298,-0.0596,0.1158,0.0583637,0.114564
1333,-0.2102,-0.04204,0.1756,0.0581535,0.191713
1334,-0.1245,-0.0249,0.1714,0.058029,0.204529
1335,-0.0719,-0.01438,0.1052,0.0579571,0.148777
1336,-0.0052,-0.00104,0.1334,0.0579519,0.190312
1337,0.0306,0.00612,0.0716,0.0579825,0.135703
1338,0.0686,0.01372,0.076,0.0580511,0.147771
1339,0.0873,0.01746,0.0374,0.0581384,0.112998
1340,0.0888,0.01776,0.003,0.0582272,0.0789872
1341,0.0748,0.01496,-0.028,0.058302,0.045262
1342,0.043,0.0086,-0.0636,0.058345,0.003345
1343,0.0133,0.00266,-0.0594,0.0583583,0.0016183
1344,-0.0406,-0.00812,-0.1078,0.0583177,-0.0576023
1345,-0.1031,-0.02062,-0.125,0.0582146,-0.0874054
1346,-0.1472,-0.02944,-0.0882,0.0580674,-0.0595726
1347,-0.2121,-0.04242,-0.1298,0.0578553,-0.114365
1348,-0.2535,-0.0507,-0.0828,0.0576018,-0.0758982
1349,-0.3089,-0.06178,-0.1108,0.0572929,-0.115287
1350,-0.3387,-0.06774,-0.0596,0.0569542,-0.0703858
1351,-0.3494,-0.06988,-0.0214,0.0566048,-0.0346752
1352,-0.3315,-0.0663,0.0358,0.0562733,0.0257733
1353,-0.2909,-0.05818,0.0812,0.0559824,0.0790024
1354,-0.2422,-0.04844,0.0974,0.0557402,0.1047
1355,-0.2077,-0.04154,0.069,0.0555325,0.0829925
1356,-0.1572,-0.03144,0.101,0.0553753,0.124935
1357,-0.125,-0.025,0.0644,0.0552503,0.0946503
1358,-0.0823,-0.01646,0.0854,0.055168,0.124108
1359,-0.0581,-0.01162,0.0484,0.0551099,0.0918899
1360,-0.0304,-0.00608,0.0554,0.0550795,0.1044
1361,-0.0134,-0.00268,0.034,0.0550661,0.0863861
1362,-0.0085,-0.0017,0.0098,0.0550576,0.0631576
1363,-0.011,-0.0022,-0.005,0.0550466,0.0478466
1364,-0.0189,-0.00378,-0.0158,0.0550277,0.0354477
1365,-0.0391,-0.00782,-0.0404,0.0549886,0.0067686
1366,-0.068,-0.0136,-0.0578,0.0549206,-0.0164794
1367,-0.0911,-0.01822,-0.0462,0.0548295,-0.0095905
1368,-0.1289,-0.02578,-0.0756,0.0547006,-0.0466794
1369,-0.1554,-0.03108,-0.053,0.0545452,-0.0295348
1370,-0.1841,-0.03682,-0.0574,0.0543611,-0.0398589
1371,-0.1832,-0.03664,0.0018,0.0541779,0.0193379
1372,-0.1599,-0.03198,0.0466,0.054018,0.068638
1373,-0.1332,-0.02664,0.0534,0.0538848,0.0806448
1374,-0.108,-0.0216,0.0504,0.0537768,0.0825768
1375,-0.0935,-0.0187,0.029,0.0536833,0.0639833
1376,-0.0766,-0.01532,0.0338,0.0536067,0.0720867
1377,-0.0686,-0.01372,0.016,0.0535381,0.0558181
1378,-0.0623,-0.01246,0.0126,0.0534758,0.0536158
1379,-0.0618,-0.01236,0.001,0.053414,0.042054
1380,-0.0667,-0.01334,-0.0098,0.0533473,0.0302073
1381,-0.0778,-0.01556,-0.0222,0.0532695,0.0155095
1382,-0.0883,-0.01766,-0.021,0.0531812,0.0145212
1383,-0.1075,-0.0215,-0.0384,0.0530737,-0.0068263
1384,-0.1223,-0.02446,-0.0296,0.0529514,-0.0011086
1385,-0.1459,-0.02918,-0.0472,0.0528055,-0.0235745
1386,-0.1704,-0.03408,-0.049,0.0526351,-0.0304449
1387,-0.1864,-0.03728,-0.032,0.0524487,-0.0168313
1388,-0.2082,-0.04164,-0.0436,0.0522405,-0.0329995
1389,-0.2268,-0.04536,-0.0372,0.0520137,-0.0305463
1390,-0.2282,-0.04564,-0.0028,0.0517855,0.0033455
1391,-0.1898,-0.03796,0.0768,0.0515957,0.0904357
1392,-0.1555,-0.0311,0.0686,0.0514402,0.0889402
1393,-0.105,-0.021,0.101,0.0513352,0.131335
1394,-0.0734,-0.01468,0.0632,0.0512618,0.0997818
1395,-0.0327,-0.00654,0.0814,0.0512291,0.126089
1396,-0.0012,-0.00024,0.063,0.0512279,0.113988
1397,0.0187,0.00374,0.0398,0.0512466,0.0947866
1398,0.0247,0.00494,0.012,0.0512713,0.0682113
1399,0.0228,0.00456,-0.0038,0.0512941,0.0520541
1400,0.0087,0.00174,-0.0282,0.0513028,0.0248428
1401,-0.007,-0.0014,-0.0314,0.0512958,0.0184958
1402,-0.0379,-0.00758,-0.0618,0.0512579,-0.0181221
1403,-0.0627,-0.01254,-0.0496,0.0511952,-0.0109448
1404,-0.1037,-0.02074,-0.082,0.0510915,-0.0516485
1405,-0.1325,-0.0265,-0.0576,0.050959,-0.033141
1406,-0.1753,-0.03506,-0.0856,0.0507837,-0.0698763
1407,-0.2158,-0.04316,-0.081,0.0505679,-0.0735921
1408,-0.2402,-0.04804,-0.0488,0.0503277,-0.0465123
1409,-0.2703,-0.05406,-0.0602,0.0500574,-0.0642026
1410,-0.2857,-0.05714,-0.0308,0.0497717,-0.0381683
1411,-0.301,-0.0602,-0.0306,0.0494707,-0.0413293
1412,-0.2935,-0.0587,0.015,0.0491772,0.0054772
1413,-0.2431,-0.04862,0.1008,0.0489341,0.101114
1414,-0.1401,-0.02802,0.206,0.048794,0.226774
1415,-0.0696,-0.01392,0.141,0.0487244,0.175804
1416,0.0273,0.00546,0.1938,0.0487517,0.248012
1417,0.1097,0.02194,0.1648,0.0488614,0.235601
1418,0.1535,0.0307,0.0876,0.0490149,0.167315
1419,0.198,0.0396,0.089,0.0492129,0.177813
1420,0.2175,0.0435,0.039,0.0494304,0.13193
1421,0.2161,0.04322,-0.0028,0.0496465,0.0900665
1422,0.1934,0.03868,-0.0454,0.0498399,0.0431199
1423,0.1655,0.0331,-0.0558,0.0500054,0.0273054
1424,0.1081,0.02162,-0.1148,0.0501135,-0.0430665
1425,0.061,0.0122,-0.0942,0.0501745,-0.0318255
1426,-0.0176,-0.00352,-0.1572,0.0501569,-0.110563
1427,-0.1025,-0.0205,-0.1698,0.0500544,-0.140246
1428,-0.1868,-0.03736,-0.1686,0.0498676,-0.156092
1429,-0.2632,-0.05264,-0.1528,0.0496044,-0.155836
1430,-0.3023,-0.06046,-0.0782,0.0493021,-0.0893579
1431,-0.3234,-0.06468,-0.0422,0.0489787,-0.0579013
1432,-0.3212,-0.06424,0.0044,0.0486575,-0.0111825
1433,-0.3052,-0.06104,0.032,0.0483523,0.0193123
1434,-0.2762,-0.05524,0.058,0.0480761,0.0508361
1435,-0.2372,-0.04744,0.078,0.0478389,0.0783989
1436,-0.2074,-0.04148,0.0596,0.0476315,0.0657515
1437,-0.1606,-0.03212,0.0936,0.0474709,0.108951
1438,-0.1289,-0.02578,0.0634,0.047342,0.084962
1439,-0.0839,-0.01678,0.09,0.0472581,0.120478
1440,-0.0436,-0.00872,0.0806,0.0472145,0.119095
1441,-0.0111,-0.00222,0.065,0.0472034,0.109983
1442,0.0107,0.00214,0.0436,0.0472141,0.0929541
1443,0.0186,0.00372,0.0158,0.0472327,0.0667527
1444,0.0203,0.00406,0.0034,0.047253,0.054713
1445,0.015,0.003,-0.0106,0.047268,0.039668
1446,-0.0472,-0.00944,-0.1244,0.0472208,-0.0866192
1447,-0.046,-0.0092,0.0024,0.0471748,0.0403748
1448,0.093,0.0186,0.278,0.0472678,0.343868
1449,0.1603,0.03206,0.1346,0.0474281,0.214088
1450,0.2066,0.04132,0.0926,0.0476347,0.181555
1451,0.2219,0.04438,0.0306,0.0478566,0.122837
1452,0.2233,0.04466,0.0028,0.0480799,0.0955399
1453,0.2008,0.04016,-0.045,0.0482807,0.0434407
1454,0.1735,0.0347,-0.0546,0.0484542,0.0285542
1455,0.1175,0.0235,-0.112,0.0485717,-0.0399283
1456,0.0463,0.00926,-0.1424,0.048618,-0.084522
1457,-0.007,-0.0014,-0.1066,0.048611,-0.059389
1458,-0.0891,-0.01782,-0.1642,0.0485219,-0.133498
1459,-0.1713,-0.03426,-0.1644,0.0483506,-0.150309
1460,-0.223,-0.0446,-0.1034,0.0481276,-0.0998724
1461,-0.2905,-0.0581,-0.135,0.0478371,-0.145263
1462,-0.3281,-0.06562,-0.0752,0.047509,-0.093311
1463,-0.3704,-0.07408,-0.0846,0.0471386,-0.111541
1464,-0.3886,-0.07772,-0.0364,0.04675,-0.06737
1465,-0.4003,-0.08006,-0.0234,0.0463497,-0.0571103
1466,-0.3933,-0.07866,0.014,0.0459564,-0.0187036
1467,-0.3789,-0.07578,0.0288,0.0455775,-0.0014025
1468,-0.3444,-0.06888,0.069,0.0452331,0.0453531
1469,-0.3139,-0.06278,0.061,0.0449192,0.0431392
1470,-0.259,-0.0518,0.1098,0.0446602,0.10266
1471,-0.1803,-0.03606,0.1574,0.0444799,0.16582
1472,0.0045,0.0009,0.3696,0.0444844,0.414984
1473,0.1891,0.03782,0.3692,0.0446735,0.451694
1474,0.3002,0.06004,0.2222,0.0449737,0.327214
1475,0.434,0.0868,0.2676,0.0454077,0.399808
1476,0.5259,0.10518,0.1838,0.0459336,0.334914
1477,0.5608,0.11216,0.0698,0.0464944,0.228454
1478,0.5708,0.11416,0.02,0.0470652,0.181225
1479,0.5507,0.11014,-0.0402,0.0476159,0.117556
1480,0.4843,0.09686,-0.1328,0.0481002,0.0121602
1481,0.3787,0.07574,-0.2112,0.0484789,-0.0869811
1482,0.243,0.0486,-0.2714,0.0487219,-0.174078
1483,0.142,0.0284,-0.202,0.0488639,-0.124736
1484,0.0045,0.0009,-0.275,0.0488684,-0.225232
1485,-0.0574,-0.01148,-0.1238,0.048811,-0.086469
1486,-0.1324,-0.02648,-0.15,0.0486786,-0.127801
1487,-0.197,-0.0394,-0.1292,0.0484816,-0.120118
1488,-0.2335,-0.0467,-0.073,0.0482481,-0.0714519
1489,-0.2757,-0.05514,-0.0844,0.0479724,-0.0915676
1490,-0.2954,-0.05908,-0.0394,0.047677,-0.050803
1491,-0.3115,-0.0623,-0.0322,0.0473655,-0.0471345
1492,-0.3118,-0.06236,-0.0006,0.0470537,-0.0159063
1493,-0.3036,-0.06072,0.0164,0.0467501,0.0024301
1494,-0.2802,-0.05604,0.0468,0.0464699,0.0372299
1495,-0.2453,-0.04906,0.0698,0.0462246,0.0669646
1496,-0.2172,-0.04344,0.0562,0.0460074,0.0587674
1497,-0.165,-0.033,0.1044,0.0458424,0.117242
1498,0.0474,0.00948,0.4248,0.0458898,0.48017
1499,0.1772,0.03544,0.2596,0.046067,0.341107
1500,0.3499,0.06998,0.3454,0.0464169,0.461797
1501,0.4873,0.09746,0.2748,0.0469042,0.419164
1502,0.5542,0.11084,0.1338,0.0474584,0.292098
1503,0.6105,0.1221,0.1126,0.0480689,0.282769
1504,0.6157,0.12314,0.0104,0.0486846,0.182225
1505,0.5914,0.11828,-0.0486,0.049276,0.118956
1506,0.5168,0.10336,-0.1492,0.0497928,0.0039528
1507,0.4442,0.08884,-0.1452,0.050237,-0.006123
1508,0.3106,0.06212,-0.2672,0.0505476,-0.154532
1509,0.2081,0.04162,-0.205,0.0507557,-0.112624
1510,0.0463,0.00926,-0.3236,0.050802,-0.263538
1511,-0.1189,-0.02378,-0.3304,0.0506831,-0.303497
1512,-0.2248,-0.04496,-0.2118,0.0504583,-0.206302
1513,-0.3653,-0.07306,-0.281,0.050093,-0.303967
1514,-0.4455,-0.0891,-0.1604,0.0496475,-0.199852
1515,-0.5386,-0.10772,-0.1862,0.0491089,-0.244811
1516,-0.5978,-0.11956,-0.1184,0.0485111,-0.189449
1517,-0.6171,-0.12342,-0.0386,0.047894,-0.114126
1518,-0.6149,-0.12298,0.0044,0.0472791,-0.0713009
1519,-0.594,-0.1188,0.0418,0.0466851,-0.0303149
1520,-0.5358,-0.10716,0.1164,0.0461493,0.0553893
1521,-0.3736,-0.07472,0.3244,0.0457757,0.295456
1522,-0.2181,-0.04362,0.311,0.0455576,0.312938
1523,0.0141,0.00282,0.4644,0.0455717,0.512792
1524,0.2323,0.04646,0.4364,0.045804,0.528664
1525,0.3614,0.07228,0.2582,0.0461654,0.376645
1526,0.5164,0.10328,0.31,0.0466818,0.459962
1527,0.5928,0.11856,0.1528,0.0472746,0.318635
1528,0.661,0.1322,0.1364,0.0479356,0.316536
1529,0.6737,0.13474,0.0254,0.0486093,0.208749
1530,0.6368,0.12736,-0.0738,0.0492461,0.102806
1531,0.6448,0.12896,0.016,0.0498909,0.194851
1532,0.6945,0.1389,0.0994,0.0505854,0.288885
1533,0.7047,0.14094,0.0204,0.0512901,0.21263
1534,0.6851,0.13702,-0.0392,0.0519752,0.149795
1535,0.6168,0.12336,-0.1366,0.052592,0.039352
1536,0.5478,0.10956,-0.138,0.0531398,0.0246998
1537,0.4172,0.08344,-0.2612,0.053557,-0.124203
1538,0.2599,0.05198,-0.3146,0.0538169,-0.208803
1539,0.0884,0.01768,-0.343,0.0539053,-0.271415
1540,-0.0263,-0.00526,-0.2294,0.053879,-0.180781
1541,-0.1877,-0.03754,-0.3228,0.0536913,-0.306649
1542,-0.3331,-0.06662,-0.2908,0.0533582,-0.304062
1543,-0.4164,-0.08328,-0.1666,0.0529418,-0.196938
1544,-0.4409,-0.08818,-0.049,0.0525009,-0.0846791
1545,-0.293,-0.0586,0.2958,0.0522079,0.289408
1546,-0.116,-0.0232,0.354,0.0520919,0.382892
1547,0.0077,0.00154,0.2474,0.0520996,0.30104
1548,0.1834,0.03668,0.3514,0.052283,0.440363
1549,0.3864,0.07728,0.406,0.0526694,0.535949
1550,0.467,0.0934,0.1612,0.0531364,0.307736
1551,0.5598,0.11196,0.1856,0.0536962,0.351256
1552,0.5898,0.11796,0.06,0.054286,0.232246
1553,0.6589,0.13178,0.1382,0.0549449,0.324925
1554,0.7107,0.14214,0.1036,0.0556556,0.301396
1555,0.7164,0.14328,0.0114,0.056372,0.211052
1556,0.6795,0.1359,-0.0738,0.0570515,0.119151
1557,0.5919,0.11838,-0.1752,0.0576434,0.0008234
1558,0.461,0.0922,-0.2618,0.0581044,-0.111496
1559,0.3552,0.07104,-0.2116,0.0584596,-0.0821004
1560,0.1817,0.03634,-0.347,0.0586413,-0.252019
1561,-0.0033,-0.00066,-0.37,0.058638,-0.312022
1562,-0.1858,-0.03716,-0.365,0.0584522,-0.343708
1563,-0.2979,-0.05958,-0.2242,0.0581543,-0.225626
1564,-0.4425,-0.0885,-0.2892,0.0577118,-0.319988
1565,-0.5573,-0.11146,-0.2296,0.0571545,-0.283905
1566,-0.6326,-0.12652,-0.1506,0.0565219,-0.220598
1567,-0.5807,-0.11614,0.1038,0.0559412,0.0436012
1568,-0.299,-0.0598,0.5634,0.0556422,0.559242
1569,0.0146,0.00292,0.6272,0.0556568,0.685777
1570,0.2274,0.04548,0.4256,0.0558842,0.526964
1571,0.5356,0.10712,0.6164,0.0564198,0.77994
1572,0.8153,0.16306,0.5594,0.0572351,0.779695
1573,0.9772,0.19544,0.3238,0.0582123,0.577452
1574,1.1698,0.23396,0.3852,0.0593821,0.678542
1575,1.2936,0.25872,0.2476,0.0606757,0.566996
1576,1.3374,0.26748,0.0876,0.0620131,0.417093
1577,1.3004,0.26008,-0.074,0.0633135,0.249394
1578,1.2755,0.2551,-0.0498,0.064589,0.269889
1579,1.2323,0.24646,-0.0864,0.0658213,0.225881
1580,1.1244,0.22488,-0.2158,0.0669457,0.0760257
1581,1.0187,0.20374,-0.2114,0.0679644,0.0603044
1582,0.8209,0.16418,-0.3956,0.0687853,-0.162635
1583,0.5838,0.11676,-0.4742,0.0693691,-0.288071
1584,0.4124,0.08248,-0.3428,0.0697815,-0.190538
1585,0.1535,0.0307,-0.5178,0.069935,-0.417165
1586,-0.0172,-0.00344,-0.3414,0.0699178,-0.274922
1587,-0.1227,-0.02454,-0.211,0.0697951,-0.165745
1588,-0.0883,-0.01766,0.0688,0.0697068,0.120847
1589,-0.051,-0.0102,0.0746,0.0696558,0.134056
1590,0.0104,0.00208,0.1228,0.0696662,0.194546
1591,0.0509,0.01018,0.081,0.0697171,0.160897
1592,0.1048,0.02096,0.1078,0.0698219,0.198582
1593,0.1477,0.02954,0.0858,0.0699696,0.18531
1594,0.1756,0.03512,0.0558,0.0701452,0.161065
1595,0.1839,0.03678,0.0166,0.0703291,0.123709
1596,0.1808,0.03616,-0.0062,0.0705099,0.10047
1597,0.1593,0.03186,-0.043,0.0706692,0.0595292
1598,0.1354,0.02708,-0.0478,0.0708046,0.0500846
1599,0.0873,0.01746,-0.0962,0.0708919,-0.0078481
1600,0.026,0.0052,-0.1226,0.0709179,-0.0464821
1601,-0.0444,-0.00888,-0.1408,0.0708735,-0.0788065
1602,-0.0709,-0.01418,-0.053,0.0708026,0.0036226
1603,0.0528,0.01056,0.2474,0.0708554,0.328815
1604,0.1577,0.03154,0.2098,0.0710131,0.312353
1605,0.2973,0.05946,0.2792,0.0713104,0.40997
1606,0.4063,0.08126,0.218,0.0717167,0.370977
1607,0.4572,0.09144,0.1018,0.0721739,0.265414
1608,0.4959,0.09918,0.0774,0.0726698,0.24925
1609,0.4914,0.09828,-0.009,0.0731612,0.162441
1610,0.4653,0.09306,-0.0522,0.0736265,0.114487
1611,0.2916,0.05832,-0.3474,0.0739181,-0.215162
1612,0.2056,0.04112,-0.172,0.0741237,-0.0567563
1613,0.0697,0.01394,-0.2718,0.0741934,-0.183667
1614,-0.0705,-0.0141,-0.2804,0.0741229,-0.220377
1615,-0.1353,-0.02706,-0.1296,0.0739876,-0.0826724
1616,-0.1554,-0.03108,-0.0402,0.0738322,0.0025522
1617,-0.1773,-0.03546,-0.0438,0.0736549,-0.0056051
1618,-0.193,-0.0386,-0.0314,0.0734619,0.0034619
1619,-0.2036,-0.04072,-0.0212,0.0732583,0.0113383
1620,-0.2094,-0.04188,-0.0116,0.0730489,0.0195689
1621,-0.2109,-0.04218,-0.003,0.072838,0.027658
1622,-0.21,-0.042,0.0018,0.072628,0.032428
1623,-0.1534,-0.03068,0.1132,0.0724746,0.154995
1624,0.0066,0.00132,0.32,0.0724812,0.393801
1625,0.1609,0.03218,0.3086,0.0726421,0.413422
1626,0.2917,0.05834,0.2616,0.0729338,0.392874
1627,0.3583,0.07166,0.1332,0.0732921,0.278152
1628,0.4224,0.08448,0.1282,0.0737145,0.286395
1629,0.4448,0.08896,0.0448,0.0741593,0.207919
1630,0.425,0.085,-0.0396,0.0745843,0.119984
1631,0.389,0.0778,-0.072,0.0749733,0.0807733
1632,0.3063,0.06126,-0.1654,0.0752796,-0.0288604
1633,0.1939,0.03878,-0.2248,0.0754735,-0.110546
1634,0.0608,0.01216,-0.2662,0.0755343,-0.178506
1635,-0.0338,-0.00676,-0.1892,0.0755005,-0.120459
1636,-0.1748,-0.03496,-0.282,0.0753257,-0.241634
1637,-0.3112,-0.06224,-0.2728,0.0750145,-0.260025
1638,-0.4337,-0.08674,-0.245,0.0745808,-0.257159
1639,-0.5027,-0.10054,-0.138,0.0740781,-0.164462
1640,-0.5763,-0.11526,-0.1472,0.0735018,-0.188958
1641,-0.5534,-0.11068,0.0458,0.0729484,0.0080684
1642,-0.4659,-0.09318,0.175,0.0724825,0.154303
1643,-0.3947,-0.07894,0.1424,0.0720878,0.135548
1644,-0.2824,-0.05648,0.2246,0.0718054,0.239925
1645,-0.1689,-0.03378,0.227,0.0716365,0.264857
1646,-0.0635,-0.0127,0.2108,0.071573,0.269673
1647,-0.0027,-0.00054,0.1216,0.0715703,0.19263
1648,0.0697,0.01394,0.1448,0.07164,0.23038
1649,0.1191,0.02382,0.0988,0.0717591,0.194379
1650,0.1428,0.02856,0.0474,0.0719019,0.147862
1651,0.1388,0.02776,-0.008,0.0720407,0.0918007
1652,0.1085,0.0217,-0.0606,0.0721492,0.0332492
1653,0.1131,0.02262,0.0092,0.0722623,0.104082
1654,0.0979,0.01958,-0.0304,0.0723602,0.0615402
1655,0.112,0.0224,0.0282,0.0724722,0.123072
1656,0.1082,0.02164,-0.0076,0.0725804,0.0866204
1657,0.0955,0.0191,-0.0254,0.0726759,0.0663759
1658,0.0614,0.01228,-0.0682,0.0727373,0.0168173
1659,0.0113,0.00226,-0.1002,0.0727486,-0.0251914
1660,-0.0513,-0.01026,-0.1252,0.0726973,-0.0627627
1661,-0.0976,-0.01952,-0.0926,0.0725997,-0.0395203
1662,-0.1691,-0.03382,-0.143,0.0724306,-0.104389
1663,-0.2173,-0.04346,-0.0964,0.0722133,-0.0676467
1664,-0.2858,-0.05716,-0.137,0.0719275,-0.122232
1665,-0.348,-0.0696,-0.1244,0.0715795,-0.12242
1666,-0.3841,-0.07682,-0.0722,0.0711954,-0.0778246
1667,-0.4267,-0.08534,-0.0852,0.0707687,-0.0997713
1668,-0.4556,-0.09112,-0.0578,0.0703131,-0.0786069
1669,-0.4693,-0.09386,-0.0274,0.0698438,-0.0514162
1670,-0.467,-0.0934,0.0046,0.0693768,-0.0194232
1671,-0.457,-0.0914,0.02,0.0689198,-0.0024802
1672,-0.4311,-0.08622,0.0518,0.0684887,0.0340687
1673,-0.3865,-0.0773,0.0892,0.0681022,0.0800022
1674,-0.2929,-0.05858,0.1872,0.0678093,0.196429
1675,-0.2082,-0.04164,0.1694,0.0676011,0.195361
1676,-0.0821,-0.01642,0.2522,0.067519,0.303299
1677,0.0315,0.0063,0.2272,0.0675505,0.301051
1678,0.0954,0.01908,0.1278,0.0676459,0.214526
1679,0.1668,0.03336,0.1428,0.0678127,0.243973
1680,0.209,0.0418,0.0844,0.0680217,0.194222
1681,0.22,0.044,0.022,0.0682417,0.134242
1682,0.2107,0.04214,-0.0186,0.0684524,0.0919924
1683,0.1726,0.03452,-0.0762,0.068625,0.026945
1684,0.133,0.0266,-0.0792,0.068758,0.016158
1685,0.0572,0.01144,-0.1516,0.0688152,-0.0713448
1686,-0.0347,-0.00694,-0.1838,0.0687805,-0.121959
1687,-0.1013,-0.02026,-0.1332,0.0686792,-0.0847808
1688,-0.2015,-0.0403,-0.2004,0.0684777,-0.172222
1689,-0.2993,-0.05986,-0.1956,0.0681784,-0.187282
1690,-0.3598,-0.07196,-0.121,0.0678186,-0.125141
1691,-0.4369,-0.08738,-0.1542,0.0673817,-0.174198
1692,-0.4972,-0.09944,-0.1206,0.0668845,-0.153155
1693,-0.5262,-0.10524,-0.058,0.0663583,-0.0968817
1694,-0.5507,-0.11014,-0.049,0.0658076,-0.0933324
1695,-0.5534,-0.11068,-0.0054,0.0652542,-0.0508258
1696,-0.5433,-0.10866,0.0202,0.0647109,-0.0237491
1697,-0.5121,-0.10242,0.0624,0.0641988,0.0241788
1698,-0.4638,-0.09276,0.0966,0.063735,0.067575
1699,-0.424,-0.0848,0.0796,0.063311,0.058111
1700,-0.3578,-0.07156,0.1324,0.0629532,0.123793
1701,-0.286,-0.0572,0.1436,0.0626672,0.149067
1702,-0.2143,-0.04286,0.1434,0.0624529,0.162993
1703,-0.1758,-0.03516,0.077,0.0622771,0.104117
1704,0.6934,0.13868,1.7384,0.0629705,1.94005
1705,0.3942,0.07884,-0.5984,0.0633647,-0.456195
1706,0.3103,0.06206,-0.1678,0.063675,-0.042065
1707,0.3861,0.07722,0.1516,0.0640611,0.292881
1708,0.5573,0.11146,0.3424,0.0646184,0.518478
1709,0.6715,0.1343,0.2284,0.0652899,0.42799
1710,0.8154,0.16308,0.2878,0.0661053,0.516985
1711,0.8883,0.17766,0.1458,0.0669936,0.390454
1712,0.9539,0.19078,0.1312,0.0679475,0.389927
1713,0.9646,0.19292,0.0214,0.0689121,0.283232
1714,0.9185,0.1837,-0.0922,0.0698306,0.161331
1715,0.8571,0.17142,-0.1228,0.0706877,0.119308
1716,0.7267,0.14534,-0.2608,0.0714144,-0.0440456
1717,0.5561,0.11122,-0.3412,0.0719705,-0.158009
1718,0.3578,0.07156,-0.3966,0.0723283,-0.252712
1719,0.1475,0.0295,-0.4206,0.0724758,-0.318624
1720,0.0082,0.00164,-0.2786,0.072484,-0.204476
1721,-0.1873,-0.03746,-0.391,0.0722967,-0.356163
1722,-0.3642,-0.07284,-0.3538,0.0719325,-0.354708
1723,-0.4667,-0.09334,-0.205,0.0714658,-0.226874
1724,-0.5882,-0.11764,-0.243,0.0708776,-0.289762
1725,-0.6722,-0.13444,-0.168,0.0702054,-0.232235
1726,-0.7153,-0.14306,-0.0862,0.0694901,-0.15977
1727,-0.7202,-0.14404,-0.0098,0.0687699,-0.0850701
1728,-0.6949,-0.13898,0.0506,0.068075,-0.020305
1729,-0.635,-0.127,0.1198,0.06744,0.06024
1730,-0.547,-0.1094,0.176,0.066893,0.133493
1731,-0.4769,-0.09538,0.1402,0.0664161,0.111236
1732,-0.3637,-0.07274,0.2264,0.0660524,0.219712
1733,-0.2452,-0.04904,0.237,0.0658072,0.253767
1734,-0.1309,-0.02618,0.2286,0.0656763,0.268096
1735,-0.0622,-0.01244,0.1374,0.0656141,0.190574
1736,0.0238,0.00476,0.172,0.0656379,0.242398
1737,0.1057,0.02114,0.1638,0.0657436,0.250684
1738,0.1379,0.02758,0.0644,0.0658815,0.157861
1739,0.1427,0.02854,0.0096,0.0660242,0.104164
1740,0.1267,0.02534,-0.032,0.0661509,0.0594909
1741,0.1022,0.02044,-0.049,0.0662531,0.0376931
1742,0.0485,0.0097,-0.1074,0.0663016,-0.0313984
1743,-0.0226,-0.00452,-0.1422,0.066279,-0.080441
1744,-0.0769,-0.01538,-0.1086,0.0662021,-0.0577779
1745,-0.1619,-0.03238,-0.17,0.0660402,-0.13634
1746,-0.2486,-0.04972,-0.1734,0.0657916,-0.157328
1747,-0.3305,-0.0661,-0.1638,0.0654611,-0.164439
1748,-0.4005,-0.0801,-0.14,0.0650606,-0.155039
1749,-0.4541,-0.09082,-0.1072,0.0646065,-0.133413
1750,-0.488,-0.0976,-0.0678,0.0641185,-0.101281
1751,-0.5009,-0.10018,-0.0258,0.0636176,-0.0623624
1752,-0.4978,-0.09956,0.0062,0.0631198,-0.0302402
1753,-0.4774,-0.09548,0.0408,0.0626424,0.0079624
1754,-0.4401,-0.08802,0.0746,0.0622023,0.0487823
1755,-0.3893,-0.07786,0.1016,0.061813,0.085553
1756,-0.35,-0.07,0.0786,0.061463,0.070063
1757,-0.2874,-0.05748,0.1252,0.0611756,0.128896
1758,-0.2227,-0.04454,0.1294,0.0609529,0.145813
1759,-0.1606,-0.03212,0.1242,0.0607923,0.152872
1760,-0.1233,-0.02466,0.0746,0.060669,0.110609
1761,-0.0765,-0.0153,0.0936,0.0605925,0.138893
1762,-0.0412,-0.00824,0.0706,0.0605513,0.122911
1763,-0.0193,-0.00386,0.0438,0.060532,0.100472
1764,-0.0126,-0.00252,0.0134,0.0605194,0.0713994
1765,-0.0164,-0.00328,-0.0076,0.060503,0.049623
1766,-0.0334,-0.00668,-0.034,0.0604696,0.0197896
1767,-0.0624,-0.01248,-0.058,0.0604072,-0.0100728
1768,-0.1009,-0.02018,-0.077,0.0603063,-0.0368737
1769,-0.1458,-0.02916,-0.0898,0.0601605,-0.0587995
1770,-0.1773,-0.03546,-0.063,0.0599832,-0.0384768
1771,-0.2239,-0.04478,-0.0932,0.0597593,-0.0782207
1772,-0.2684,-0.05368,-0.089,0.0594909,-0.0831891
1773,-0.3074,-0.06148,-0.078,0.0591835,-0.0802965
1774,-0.3378,-0.06756,-0.0608,0.0588457,-0.0695143
1775,-0.3523,-0.07046,-0.029,0.0584934,-0.0409666
1776,-0.3648,-0.07296,-0.025,0.0581286,-0.0398314
1777,-0.3664,-0.07328,-0.0032,0.0577622,-0.0187178
1778,-0.3574,-0.07148,0.018,0.0574048,0.0039248
1779,-0.3457,-0.06914,0.0234,0.0570591,0.0113191
1780,-0.3214,-0.06428,0.0486,0.0567377,0.0410577
1781,-0.29,-0.058,0.0628,0.0564477,0.0612477
1782,-0.2664,-0.05328,0.0472,0.0561813,0.0501013
1783,-0.2294,-0.04588,0.074,0.0559519,0.0840719
1784,-0.1917,-0.03834,0.0754,0.0557602,0.0928202
1785,-0.1675,-0.0335,0.0484,0.0555927,0.0704927
1786,-0.138,-0.0276,0.059,0.0554547,0.0868547
1787,-0.1928,-0.03856,-0.1096,0.0552619,-0.0928981
1788,-0.4048,-0.08096,-0.424,0.0548571,-0.450103
1789,0.6146,0.12292,2.0388,0.0554717,2.21719
1790,0.2209,0.04418,-0.7874,0.0556926,-0.687527
1791,0.0627,0.01254,-0.3164,0.0557553,-0.248105
1792,0.1196,0.02392,0.1138,0.0558749,0.193595
1793,0.2283,0.04566,0.2174,0.0561032,0.319163
1794,0.3447,0.06894,0.2328,0.0564479,0.358188
1795,0.4476,0.08952,0.2058,0.0568955,0.352216
1796,0.5245,0.1049,0.1538,0.05742,0.31612
1797,0.5675,0.1135,0.086,0.0579875,0.257488
1798,0.5754,0.11508,0.0158,0.0585629,0.189443
1799,0.5568,0.11136,-0.0372,0.0591197,0.13328
1800,0.5251,0.10502,-0.0634,0.0596448,0.101265
1801,0.4519,0.09038,-0.1464,0.0600967,0.0040767
1802,0.3509,0.07018,-0.202,0.0604476,-0.0713724
1803,0.229,0.0458,-0.2438,0.0606766,-0.137323
1804,0.0956,0.01912,-0.2668,0.0607722,-0.186908
1805,-0.0395,-0.0079,-0.2702,0.0607327,-0.217367
1806,-0.1258,-0.02516,-0.1726,0.0606069,-0.137153
1807,-0.2432,-0.04864,-0.2348,0.0603637,-0.223076
1808,-0.3183,-0.06366,-0.1502,0.0600454,-0.153815
1809,-0.42,-0.084,-0.2034,0.0596254,-0.227775
1810,-0.4891,-0.09782,-0.1382,0.0591363,-0.176884
1811,-0.5283,-0.10566,-0.0784,0.058608,-0.125452
1812,-0.5362,-0.10724,-0.0158,0.0580718,-0.0649682
1813,-0.5249,-0.10498,0.0226,0.0575469,-0.0248331
1814,-0.4873,-0.09746,0.0752,0.0570596,0.0347996
1815,-0.4282,-0.08564,0.1182,0.0566314,0.0891914
1816,-0.3783,-0.07566,0.0998,0.0562531,0.0803931
1817,-0.235,-0.047,0.2866,0.0560181,0.295618
1818,-0.0475,-0.0095,0.375,0.0559706,0.421471
1819,0.0737,0.01474,0.2424,0.0560443,0.313184
1820,0.2332,0.04664,0.319,0.0562775,0.421918
1821,0.3224,0.06448,0.1784,0.0565999,0.29948
1822,0.4226,0.08452,0.2004,0.0570225,0.341942
1823,0.4814,0.09628,0.1176,0.0575039,0.271384
1824,0.4962,0.09924,0.0296,0.0580001,0.18684
1825,0.4816,0.09632,-0.0292,0.0584817,0.125602
1826,0.4261,0.08522,-0.111,0.0589078,0.0331278
1827,0.369,0.0738,-0.1142,0.0592768,0.0188768
1828,0.2604,0.05208,-0.2172,0.0595372,-0.105583
1829,0.1294,0.02588,-0.262,0.0596666,-0.176453
1830,0.0348,0.00696,-0.1892,0.0597014,-0.122539
1831,-0.1072,-0.02144,-0.284,0.0595942,-0.245846
1832,-0.2443,-0.04886,-0.2742,0.0593499,-0.26371
1833,-0.3128,-0.06256,-0.137,0.0590371,-0.140523
1834,-0.3068,-0.06136,0.012,0.0587303,0.0093703
1835,-0.276,-0.0552,0.0616,0.0584543,0.0648543
1836,-0.2312,-0.04624,0.0896,0.0582231,0.101583
1837,-0.1972,-0.03944,0.068,0.0580259,0.0865859
1838,-0.1448,-0.02896,0.1048,0.0578811,0.133721
1839,-0.0929,-0.01858,0.1038,0.0577882,0.143008
1840,-0.0606,-0.01212,0.0646,0.0577276,0.110208
1841,-0.0195,-0.0039,0.0822,0.0577081,0.136008
1842,0.0122,0.00244,0.0634,0.0577203,0.12356
1843,0.0321,0.00642,0.0398,0.0577524,0.103972
1844,0.0382,0.00764,0.0122,0.0577906,0.0776306
1845,0.0305,0.0061,-0.0154,0.0578211,0.0485211
1846,0.0179,0.00358,-0.0252,0.057839,0.036219
1847,-0.0102,-0.00204,-0.0562,0.0578288,-0.0004112
1848,-0.0481,-0.00962,-0.0758,0.0577807,-0.0276393
1849,-0.1195,-0.0239,-0.1428,0.0576612,-0.109039
1850,0.0166,0.00332,0.2722,0.0576778,0.333198
1851,0.1217,0.02434,0.2102,0.0577995,0.29234
1852,0.1851,0.03702,0.1268,0.0579846,0.221805
1853,0.2578,0.05156,0.1454,0.0582424,0.255202
1854,0.3034,0.06068,0.0912,0.0585458,0.210426
